timestamp,git_sha,case,lang,median_s,rss_bytes,bin_bytes,alloc_count,cycles,instructions
2026-07-16T04:19:50Z,182f9c9,fib,bit,0.28,1687552,121328
2026-07-16T04:19:50Z,182f9c9,fib,c,0.14,1474560,33448
2026-07-16T04:19:50Z,182f9c9,fib,go,0.21,4243456,2509170
2026-07-16T04:19:50Z,182f9c9,mandelbrot,bit,0.78,1687552,121351
2026-07-16T04:19:50Z,182f9c9,mandelbrot,c,0.35,1490944,33440
2026-07-16T04:19:50Z,182f9c9,mandelbrot,go,0.36,4308992,2509186
2026-07-16T04:19:50Z,182f9c9,collatz,bit,0.43,1687552,121348
2026-07-16T04:19:50Z,182f9c9,collatz,c,0.09,1490944,33432
2026-07-16T04:19:50Z,182f9c9,collatz,go,0.13,4292608,2509138
2026-07-16T04:19:50Z,182f9c9,alloc,bit,0.42,8994816,121362
2026-07-16T04:19:50Z,182f9c9,alloc,c,0.12,1638400,33512
2026-07-16T04:19:50Z,182f9c9,alloc,go,0.07,11141120,2509202
2026-08-12T10:48:44Z,eaff3b94,fib,bit,0.29,1933312,282768
2026-08-12T10:48:44Z,eaff3b94,fib,c,0.14,1474560,33448
2026-08-12T10:48:44Z,eaff3b94,fib,go,0.21,4161536,2509170
2026-08-12T10:48:44Z,eaff3b94,mandelbrot,bit,3.32,1933312,282775
2026-08-12T10:48:44Z,eaff3b94,mandelbrot,c,0.35,1458176,33440
2026-08-12T10:48:44Z,eaff3b94,mandelbrot,go,0.36,4276224,2509186
2026-08-12T10:48:44Z,eaff3b94,collatz,bit,2.07,1933312,282772
2026-08-12T10:48:44Z,eaff3b94,collatz,c,0.09,1458176,33432
2026-08-12T10:48:44Z,eaff3b94,collatz,go,0.14,4276224,2509138
2026-08-12T10:48:44Z,eaff3b94,alloc,bit,3.08,161529856,282786
2026-08-12T10:48:44Z,eaff3b94,alloc,c,0.12,1622016,33512
2026-08-12T10:48:44Z,eaff3b94,alloc,go,0.07,11370496,2509202
2026-08-12T12:17:10Z,71847665,fib,bit,0.29,1933312,282768
2026-08-12T12:17:10Z,71847665,fib,c,0.15,1474560,33448
2026-08-12T12:17:10Z,71847665,fib,go,0.21,4243456,2509170
2026-08-12T12:17:10Z,71847665,mandelbrot,bit,1.25,1933312,282775
2026-08-12T12:17:10Z,71847665,mandelbrot,c,0.37,1458176,33440
2026-08-12T12:17:10Z,71847665,mandelbrot,go,0.38,4292608,2509186
2026-08-12T12:17:10Z,71847665,collatz,bit,0.89,1933312,282788
2026-08-12T12:17:10Z,71847665,collatz,c,0.09,1458176,33432
2026-08-12T12:17:10Z,71847665,collatz,go,0.14,4292608,2509138
2026-08-12T12:17:10Z,71847665,alloc,bit,2.90,161529856,282802
2026-08-12T12:17:10Z,71847665,alloc,c,0.14,1622016,33512
2026-08-12T12:17:10Z,71847665,alloc,go,0.07,10993664,2509202
2026-08-15T06:34:44Z,aa266d72,fib,bit,0.32,1933312,150624
2026-08-15T06:34:44Z,aa266d72,fib,c,0.15,1474560,33448
2026-08-15T06:34:44Z,aa266d72,fib,go,0.22,4227072,2509170
2026-08-15T06:34:44Z,aa266d72,mandelbrot,bit,1.28,1933312,150631
2026-08-15T06:34:44Z,aa266d72,mandelbrot,c,0.40,1458176,33440
2026-08-15T06:34:44Z,aa266d72,mandelbrot,go,0.41,4243456,2509186
2026-08-15T06:34:44Z,aa266d72,collatz,bit,0.40,1933312,150628
2026-08-15T06:34:44Z,aa266d72,collatz,c,0.10,1458176,33432
2026-08-15T06:34:44Z,aa266d72,collatz,go,0.16,4259840,2509138
2026-08-15T06:34:44Z,aa266d72,alloc,bit,1.77,10665984,167154
2026-08-15T06:34:44Z,aa266d72,alloc,c,0.15,1687552,33512
2026-08-15T06:34:44Z,aa266d72,alloc,go,0.09,11386880,2509202
2026-08-15T06:34:44Z,aa266d72,strings,bit,2.94,998424576,183732
2026-08-15T06:34:44Z,aa266d72,strings,c,0.03,32161792,33640
2026-08-15T06:34:44Z,aa266d72,strings,go,0.06,88064000,2509154
2026-08-15T06:34:44Z,aa266d72,map,bit,0.57,56573952,200288
2026-08-15T06:34:44Z,aa266d72,map,c,0.04,202833920,33544
2026-08-15T06:34:44Z,aa266d72,map,go,0.11,43466752,2509522
2026-08-15T06:34:44Z,aa266d72,sort,bit,1.01,48250880,183825
2026-08-15T06:34:44Z,aa266d72,sort,c,0.06,11567104,33656
2026-08-15T06:34:44Z,aa266d72,sort,go,0.08,15319040,2527618
2026-08-15T06:34:44Z,aa266d72,matrix,bit,10.32,33505280,183651
2026-08-15T06:34:44Z,aa266d72,matrix,c,0.10,7815168,33560
2026-08-15T06:34:44Z,aa266d72,matrix,go,0.24,11436032,2509138
2026-08-15T06:34:44Z,aa266d72,json,bit,7.41,1186725888,283601
2026-08-15T06:34:44Z,aa266d72,json,c,0.06,131252224,34056
2026-08-15T06:34:44Z,aa266d72,json,go,0.12,59637760,3074482
2026-08-15T06:41:25Z,aa266d72,fib,bit,0.29,1933312,150624
2026-08-15T06:41:25Z,aa266d72,fib,c,0.15,1474560,33448
2026-08-15T06:41:25Z,aa266d72,fib,go,0.22,4194304,2509170
2026-08-15T06:41:25Z,aa266d72,mandelbrot,bit,1.24,1933312,150631
2026-08-15T06:41:25Z,aa266d72,mandelbrot,c,0.37,1458176,33440
2026-08-15T06:41:25Z,aa266d72,mandelbrot,go,0.38,4259840,2509186
2026-08-15T06:41:25Z,aa266d72,collatz,bit,0.38,1933312,150628
2026-08-15T06:41:25Z,aa266d72,collatz,c,0.09,1458176,33432
2026-08-15T06:41:25Z,aa266d72,collatz,go,0.14,4194304,2509138
2026-08-15T06:41:25Z,aa266d72,alloc,bit,1.56,10665984,167154
2026-08-15T06:41:25Z,aa266d72,alloc,c,0.12,1622016,33512
2026-08-15T06:41:25Z,aa266d72,alloc,go,0.07,11124736,2509202
2026-08-15T06:41:25Z,aa266d72,strings,bit,2.67,998408192,183732
2026-08-15T06:41:25Z,aa266d72,strings,c,0.02,32161792,33640
2026-08-15T06:41:25Z,aa266d72,strings,go,0.06,87736320,2509154
2026-08-15T06:41:25Z,aa266d72,map,bit,0.55,56573952,200288
2026-08-15T06:41:25Z,aa266d72,map,c,0.04,202833920,33544
2026-08-15T06:41:25Z,aa266d72,map,go,0.10,43466752,2509522
2026-08-15T06:41:25Z,aa266d72,sort,bit,1.04,48267264,183825
2026-08-15T06:41:25Z,aa266d72,sort,c,0.06,11567104,33656
2026-08-15T06:41:25Z,aa266d72,sort,go,0.08,15417344,2527618
2026-08-15T06:41:25Z,aa266d72,matrix,bit,10.03,33505280,183651
2026-08-15T06:41:25Z,aa266d72,matrix,c,0.09,7815168,33560
2026-08-15T06:41:25Z,aa266d72,matrix,go,0.23,11386880,2509138
2026-08-15T06:41:25Z,aa266d72,json,bit,6.76,1186725888,283601
2026-08-15T06:41:25Z,aa266d72,json,c,0.06,131252224,34056
2026-08-15T06:41:25Z,aa266d72,json,go,0.11,63586304,3074482
2026-08-15T07:58:15Z,686876ad,fib,bit,0.29,1933312,150624
2026-08-15T07:58:15Z,686876ad,fib,c,0.14,1474560,33448
2026-08-15T07:58:15Z,686876ad,fib,go,0.22,4210688,2509170
2026-08-15T07:58:15Z,686876ad,mandelbrot,bit,1.19,1933312,150631
2026-08-15T07:58:15Z,686876ad,mandelbrot,c,0.36,1458176,33440
2026-08-15T07:58:15Z,686876ad,mandelbrot,go,0.39,4276224,2509186
2026-08-15T07:58:15Z,686876ad,collatz,bit,0.35,1933312,150628
2026-08-15T07:58:15Z,686876ad,collatz,c,0.09,1458176,33432
2026-08-15T07:58:15Z,686876ad,collatz,go,0.14,4276224,2509138
2026-08-15T07:58:15Z,686876ad,alloc,bit,1.36,10665984,167154
2026-08-15T07:58:15Z,686876ad,alloc,c,0.13,1622016,33512
2026-08-15T07:58:15Z,686876ad,alloc,go,0.07,10797056,2509202
2026-08-15T07:58:15Z,686876ad,strings,bit,2.34,998408192,183732
2026-08-15T07:58:15Z,686876ad,strings,c,0.02,32161792,33640
2026-08-15T07:58:15Z,686876ad,strings,go,0.05,87851008,2509154
2026-08-15T07:58:15Z,686876ad,map,bit,0.45,56573952,200288
2026-08-15T07:58:15Z,686876ad,map,c,0.04,202833920,33544
2026-08-15T07:58:15Z,686876ad,map,go,0.08,43466752,2509522
2026-08-15T07:58:15Z,686876ad,sort,bit,0.95,48250880,183825
2026-08-15T07:58:15Z,686876ad,sort,c,0.06,11567104,33656
2026-08-15T07:58:15Z,686876ad,sort,go,0.08,15335424,2527618
2026-08-15T07:58:15Z,686876ad,matrix,bit,9.80,33505280,183651
2026-08-15T07:58:15Z,686876ad,matrix,c,0.09,7815168,33560
2026-08-15T07:58:15Z,686876ad,matrix,go,0.22,11386880,2509138
2026-08-15T07:58:15Z,686876ad,json,bit,6.17,1186742272,283601
2026-08-15T07:58:15Z,686876ad,json,c,0.05,131252224,34056
2026-08-15T07:58:15Z,686876ad,json,go,0.10,59604992,3074482
2026-08-16T01:23:59Z,c1904753,fib,bit,0.30,1916928,134128
2026-08-16T01:23:59Z,c1904753,fib,c,0.14,1474560,33448
2026-08-16T01:23:59Z,c1904753,fib,go,0.22,4227072,2509170
2026-08-16T01:23:59Z,c1904753,mandelbrot,bit,0.83,1916928,134135
2026-08-16T01:23:59Z,c1904753,mandelbrot,c,0.37,1458176,33440
2026-08-16T01:23:59Z,c1904753,mandelbrot,go,0.37,4276224,2509186
2026-08-16T01:23:59Z,c1904753,collatz,bit,0.29,1916928,134132
2026-08-16T01:23:59Z,c1904753,collatz,c,0.09,1458176,33432
2026-08-16T01:23:59Z,c1904753,collatz,go,0.14,4259840,2509138
2026-08-16T01:23:59Z,c1904753,alloc,bit,1.35,10633216,150674
2026-08-16T01:23:59Z,c1904753,alloc,c,0.13,1622016,33512
2026-08-16T01:23:59Z,c1904753,alloc,go,0.07,10862592,2509202
2026-08-16T01:23:59Z,c1904753,strings,bit,2.39,999178240,150724
2026-08-16T01:23:59Z,c1904753,strings,c,0.02,32161792,33640
2026-08-16T01:23:59Z,c1904753,strings,go,0.05,72007680,2509154
2026-08-16T01:23:59Z,c1904753,map,bit,0.45,56541184,167280
2026-08-16T01:23:59Z,c1904753,map,c,0.04,202833920,33544
2026-08-16T01:23:59Z,c1904753,map,go,0.08,43483136,2509522
2026-08-16T01:23:59Z,c1904753,sort,bit,0.57,48381952,167345
2026-08-16T01:23:59Z,c1904753,sort,c,0.06,11567104,33656
2026-08-16T01:23:59Z,c1904753,sort,go,0.08,15351808,2527618
2026-08-16T01:23:59Z,c1904753,matrix,bit,2.17,33472512,150659
2026-08-16T01:23:59Z,c1904753,matrix,c,0.09,7815168,33560
2026-08-16T01:23:59Z,c1904753,matrix,go,0.22,11370496,2509138
2026-08-16T01:23:59Z,c1904753,json,bit,3.24,923516928,250577
2026-08-16T01:23:59Z,c1904753,json,c,0.05,131252224,34056
2026-08-16T01:23:59Z,c1904753,json,go,0.10,57901056,3074482
2026-08-16T01:26:59Z,c1904753,fib,bit,0.30,1916928,134128
2026-08-16T01:26:59Z,c1904753,fib,c,0.14,1474560,33448
2026-08-16T01:26:59Z,c1904753,fib,go,0.22,4227072,2509170
2026-08-16T01:26:59Z,c1904753,mandelbrot,bit,0.85,1916928,134135
2026-08-16T01:26:59Z,c1904753,mandelbrot,c,0.37,1458176,33440
2026-08-16T01:26:59Z,c1904753,mandelbrot,go,0.38,4243456,2509186
2026-08-16T01:26:59Z,c1904753,collatz,bit,0.30,1916928,134132
2026-08-16T01:26:59Z,c1904753,collatz,c,0.09,1458176,33432
2026-08-16T01:26:59Z,c1904753,collatz,go,0.14,4292608,2509138
2026-08-16T01:26:59Z,c1904753,alloc,bit,1.35,10633216,150674
2026-08-16T01:26:59Z,c1904753,alloc,c,0.13,1622016,33512
2026-08-16T01:26:59Z,c1904753,alloc,go,0.07,11108352,2509202
2026-08-16T01:26:59Z,c1904753,strings,bit,2.39,999178240,150724
2026-08-16T01:26:59Z,c1904753,strings,c,0.02,32161792,33640
2026-08-16T01:26:59Z,c1904753,strings,go,0.05,72073216,2509154
2026-08-16T01:26:59Z,c1904753,map,bit,0.43,56541184,167280
2026-08-16T01:26:59Z,c1904753,map,c,0.04,202833920,33544
2026-08-16T01:26:59Z,c1904753,map,go,0.08,43450368,2509522
2026-08-16T01:26:59Z,c1904753,sort,bit,0.58,48365568,167345
2026-08-16T01:26:59Z,c1904753,sort,c,0.06,11567104,33656
2026-08-16T01:26:59Z,c1904753,sort,go,0.08,15319040,2527618
2026-08-16T01:26:59Z,c1904753,matrix,bit,2.17,33472512,150659
2026-08-16T01:26:59Z,c1904753,matrix,c,0.09,7815168,33560
2026-08-16T01:26:59Z,c1904753,matrix,go,0.22,11386880,2509138
2026-08-16T01:26:59Z,c1904753,json,bit,3.24,923516928,250577
2026-08-16T01:26:59Z,c1904753,json,c,0.05,131252224,34056
2026-08-16T01:26:59Z,c1904753,json,go,0.10,60981248,3074482
2026-08-19T15:37:25Z,fd04821e,fib,bit,0.29,1900544,150640
2026-08-19T15:37:25Z,fd04821e,fib,c,0.14,1474560,33448
2026-08-19T15:37:25Z,fd04821e,fib,go,0.21,4227072,2509170
2026-08-19T15:37:25Z,fd04821e,mandelbrot,bit,0.69,1900544,150647
2026-08-19T15:37:25Z,fd04821e,mandelbrot,c,0.35,1458176,33440
2026-08-19T15:37:25Z,fd04821e,mandelbrot,go,0.36,4276224,2509186
2026-08-19T15:37:25Z,fd04821e,collatz,bit,0.27,1900544,150644
2026-08-19T15:37:25Z,fd04821e,collatz,c,0.09,1458176,33432
2026-08-19T15:37:25Z,fd04821e,collatz,go,0.14,4276224,2509138
2026-08-19T15:37:25Z,fd04821e,alloc,bit,1.18,10616832,150674
2026-08-19T15:37:25Z,fd04821e,alloc,c,0.13,1622016,33512
2026-08-19T15:37:25Z,fd04821e,alloc,go,0.07,11304960,2509202
2026-08-19T15:37:25Z,fd04821e,strings,bit,1.60,189153280,150740
2026-08-19T15:37:25Z,fd04821e,strings,c,0.02,32161792,33640
2026-08-19T15:37:25Z,fd04821e,strings,go,0.06,85016576,2509154
2026-08-19T15:37:25Z,fd04821e,map,bit,0.41,56524800,167280
2026-08-19T15:37:25Z,fd04821e,map,c,0.04,202833920,33544
2026-08-19T15:37:25Z,fd04821e,map,go,0.08,43384832,2509522
2026-08-19T15:37:25Z,fd04821e,sort,bit,0.52,50380800,167345
2026-08-19T15:37:25Z,fd04821e,sort,c,0.06,11567104,33656
2026-08-19T15:37:25Z,fd04821e,sort,go,0.08,15351808,2527618
2026-08-19T15:37:25Z,fd04821e,matrix,bit,2.19,33456128,150659
2026-08-19T15:37:25Z,fd04821e,matrix,c,0.09,7815168,33560
2026-08-19T15:37:25Z,fd04821e,matrix,go,0.22,11354112,2509138
2026-08-19T15:37:25Z,fd04821e,json,bit,3.64,815267840,250561
2026-08-19T15:37:25Z,fd04821e,json,c,0.05,131252224,34056
2026-08-19T15:37:25Z,fd04821e,json,go,0.10,58015744,3074482
2026-08-30T10:25:46Z,a6e0546f,fib,bit,0.24,1949696,252640
2026-08-30T10:25:46Z,a6e0546f,fib,c,0.14,1458176,33448
2026-08-30T10:25:46Z,a6e0546f,fib,go,0.22,4292608,2429906
2026-08-30T10:25:46Z,a6e0546f,mandelbrot,bit,0.50,1933312,252727
2026-08-30T10:25:46Z,a6e0546f,mandelbrot,c,0.37,1458176,33440
2026-08-30T10:25:46Z,a6e0546f,mandelbrot,go,0.37,4358144,2429922
2026-08-30T10:25:46Z,a6e0546f,collatz,bit,0.29,2064384,252724
2026-08-30T10:25:46Z,a6e0546f,collatz,c,0.09,1458176,33432
2026-08-30T10:25:46Z,a6e0546f,collatz,go,0.13,4325376,2429874
2026-08-30T10:25:46Z,a6e0546f,alloc,bit,0.84,6225920,253554
2026-08-30T10:25:46Z,a6e0546f,alloc,c,0.16,1720320,33512
2026-08-30T10:25:46Z,a6e0546f,alloc,go,0.08,11157504,2446850
2026-08-30T10:25:46Z,a6e0546f,allocflat,bit,0.08,6012928,253142
2026-08-30T10:25:46Z,a6e0546f,allocflat,c,0.00,1589248,33512
2026-08-30T10:25:46Z,a6e0546f,allocflat,go,0.01,12107776,2430290
2026-08-30T10:25:46Z,a6e0546f,strings,bit,0.86,137330688,254148
2026-08-30T10:25:46Z,a6e0546f,strings,c,0.02,32161792,33640
2026-08-30T10:25:46Z,a6e0546f,strings,go,0.05,72237056,2429890
2026-08-30T10:25:46Z,a6e0546f,map,bit,0.30,65650688,273056
2026-08-30T10:25:46Z,a6e0546f,map,c,0.04,202850304,33544
2026-08-30T10:25:46Z,a6e0546f,map,go,0.08,43515904,2430258
2026-08-30T10:25:46Z,a6e0546f,sort,bit,0.33,46645248,271713
2026-08-30T10:25:46Z,a6e0546f,sort,c,0.06,11567104,33656
2026-08-30T10:25:46Z,a6e0546f,sort,go,0.08,15466496,2448338
2026-08-30T10:25:46Z,a6e0546f,matrix,bit,2.08,20971520,252867
2026-08-30T10:25:46Z,a6e0546f,matrix,c,0.09,7815168,33560
2026-08-30T10:25:46Z,a6e0546f,matrix,go,0.22,11419648,2429874
2026-08-30T10:25:46Z,a6e0546f,json,bit,1.30,436469760,347073
2026-08-30T10:25:46Z,a6e0546f,json,c,0.05,131219456,34056
2026-08-30T10:25:46Z,a6e0546f,json,go,0.07,61915136,3766770
2026-08-31T14:16:28Z,6f6a730e,fib,bit,0.24,1949696,252656,7,1057528701,6790642763
2026-08-31T14:16:28Z,6f6a730e,fib,c,0.14,1458176,33448,,632888894,3146617067
2026-08-31T14:16:28Z,6f6a730e,fib,go,0.22,4325376,2429906,,953514535,5136613536
2026-08-31T14:16:28Z,6f6a730e,mandelbrot,bit,0.50,1933312,252743,7,2157176804,8527184795
2026-08-31T14:16:28Z,6f6a730e,mandelbrot,c,0.36,1458176,33440,,1604836518,2698697921
2026-08-31T14:16:28Z,6f6a730e,mandelbrot,go,0.37,4292608,2429922,,1637187494,2505947805
2026-08-31T14:16:28Z,6f6a730e,collatz,bit,0.27,2064384,252740,7,1204255363,5400412167
2026-08-31T14:16:28Z,6f6a730e,collatz,c,0.09,1458176,33432,,410935671,930463262
2026-08-31T14:16:28Z,6f6a730e,collatz,go,0.14,4325376,2429874,,625785411,935060004
2026-08-31T14:16:28Z,6f6a730e,alloc,bit,0.81,6225920,253554,10006007,3495268398,24974094505
2026-08-31T14:16:28Z,6f6a730e,alloc,c,0.16,1720320,33512,10004000,683815627,4289394727
2026-08-31T14:16:28Z,6f6a730e,alloc,go,0.08,10928128,2446850,10002310,391590203,2154892332
2026-08-31T14:16:28Z,6f6a730e,allocflat,bit,0.08,6012928,253142,4007,345809215,2901150573
2026-08-31T14:16:28Z,6f6a730e,allocflat,c,0.00,1589248,33512,2000,17440447,59332298
2026-08-31T14:16:28Z,6f6a730e,allocflat,go,0.01,11501568,2430290,2291,115820179,400511354
2026-08-31T14:16:28Z,6f6a730e,strings,bit,0.85,137330688,254148,7125044,3679527858,24356343087
2026-08-31T14:16:28Z,6f6a730e,strings,c,0.02,32161792,33640,,108639837,643290855
2026-08-31T14:16:28Z,6f6a730e,strings,go,0.05,72204288,2429890,,382009423,1730540883
2026-08-31T14:16:28Z,6f6a730e,map,bit,0.17,65650688,273056,74,758659732,2712317959
2026-08-31T14:16:28Z,6f6a730e,map,c,0.04,202850304,33544,,170339859,228932575
2026-08-31T14:16:28Z,6f6a730e,map,go,0.08,43515904,2430258,,371140646,693016882
2026-08-31T14:16:28Z,6f6a730e,sort,bit,0.24,35471360,271681,1250035,1030259072,7151731662
2026-08-31T14:16:28Z,6f6a730e,sort,c,0.06,11567104,33656,,285665152,508619145
2026-08-31T14:16:28Z,6f6a730e,sort,go,0.08,15466496,2448338,,357208493,942723739
2026-08-31T14:16:28Z,6f6a730e,matrix,bit,2.08,20971520,252883,52,8971760597,75278356240
2026-08-31T14:16:28Z,6f6a730e,matrix,c,0.09,7815168,33560,,398188550,1656131030
2026-08-31T14:16:28Z,6f6a730e,matrix,go,0.22,11452416,2429874,,950313499,7323381329
2026-08-31T14:16:28Z,6f6a730e,json,bit,1.37,339853312,347025,7350067,5900147769,35891031230
2026-08-31T14:16:28Z,6f6a730e,json,c,0.05,131252224,34056,,230783346,1371568745
2026-08-31T14:16:28Z,6f6a730e,json,go,0.07,58966016,3766770,,336997198,2124443454
2026-09-02T23:14:20Z,0282a1c9,fib,bit,0.24,1966080,255040,6,1065111813,6790305523
2026-09-02T23:14:20Z,0282a1c9,fib,c,0.14,1474560,33448,,631456901,3146584881
2026-09-02T23:14:20Z,0282a1c9,fib,go,0.22,4292608,2429906,,939696766,5136494541
2026-09-02T23:14:20Z,0282a1c9,mandelbrot,bit,0.50,1949696,255127,6,2153132789,8527746278
2026-09-02T23:14:20Z,0282a1c9,mandelbrot,c,0.37,1458176,33440,,1606381903,2698838804
2026-09-02T23:14:20Z,0282a1c9,mandelbrot,go,0.37,4325376,2429922,,1638642909,2506127818
2026-09-02T23:14:20Z,0282a1c9,collatz,bit,0.27,2080768,255124,6,1178462867,5400187977
2026-09-02T23:14:20Z,0282a1c9,collatz,c,0.09,1474560,33432,,411874170,930563060
2026-09-02T23:14:20Z,0282a1c9,collatz,go,0.14,4308992,2429874,,627141530,935323008
2026-09-02T23:14:20Z,0282a1c9,alloc,bit,0.48,6193152,255954,10006006,2053639996,13984192345
2026-09-02T23:14:20Z,0282a1c9,alloc,c,0.15,1720320,33512,10004000,643115724,4287556061
2026-09-02T23:14:20Z,0282a1c9,alloc,go,0.08,11124736,2446850,10002302,394011914,2157799959
2026-09-02T23:14:20Z,0282a1c9,allocflat,bit,0.07,5996544,255542,4006,334753231,2750306055
2026-09-02T23:14:20Z,0282a1c9,allocflat,c,0.00,1589248,33512,2000,17463632,59329953
2026-09-02T23:14:20Z,0282a1c9,allocflat,go,0.01,11960320,2430290,2300,117875522,401117602
2026-09-02T23:14:20Z,0282a1c9,strings,bit,0.56,137166848,272980,7125035,2419208626,15858269353
2026-09-02T23:14:20Z,0282a1c9,strings,c,0.02,32161792,33640,,108543421,643248875
2026-09-02T23:14:20Z,0282a1c9,strings,go,0.05,72237056,2429890,,372909476,1714943433
2026-09-02T23:14:20Z,0282a1c9,map,bit,0.14,38092800,292112,14,612292956,1953723957
2026-09-02T23:14:20Z,0282a1c9,map,c,0.04,202850304,33544,,167917800,228924019
2026-09-02T23:14:20Z,0282a1c9,map,go,0.08,43548672,2430258,,365502741,693139890
2026-09-02T23:14:20Z,0282a1c9,sort,bit,0.20,32620544,290721,600026,878645025,5685919396
2026-09-02T23:14:20Z,0282a1c9,sort,c,0.06,11567104,33656,,283955848,508646184
2026-09-02T23:14:20Z,0282a1c9,sort,go,0.08,15482880,2448338,,357299174,942708737
2026-09-02T23:14:20Z,0282a1c9,matrix,bit,1.56,8552448,255379,16,6731919609,51908870170
2026-09-02T23:14:20Z,0282a1c9,matrix,c,0.09,7815168,33560,3,398376297,1656064079
2026-09-02T23:14:20Z,0282a1c9,matrix,go,0.22,11485184,2430226,285,952136058,7323308487
2026-09-02T23:14:20Z,0282a1c9,json,bit,0.89,301694976,382385,6000056,3837404328,25624988665
2026-09-02T23:14:20Z,0282a1c9,json,c,0.05,131235840,34056,,231374403,1371386186
2026-09-02T23:14:20Z,0282a1c9,json,go,0.07,58589184,3766770,,339203594,2135271430
2026-09-04T08:50:30Z,f9540943,fib,bit,0.45,1933312,256848,6,1059271558,6791217446
2026-09-04T08:50:30Z,f9540943,fib,c,0.24,1474560,33448,,640720729,3146524456
2026-09-04T08:50:30Z,f9540943,fib,go,0.37,4292608,2429906,,929387603,5137118976
2026-09-04T08:50:30Z,f9540943,mandelbrot,bit,0.81,1933312,257015,6,2125135562,5421850822
2026-09-04T08:50:30Z,f9540943,mandelbrot,c,0.62,1458176,33440,,1608336091,2698417981
2026-09-04T08:50:30Z,f9540943,mandelbrot,go,0.63,4374528,2429922,,1644372342,2506562972
2026-09-04T08:50:30Z,f9540943,collatz,bit,0.39,2064384,257012,6,1022876190,3379296360
2026-09-04T08:50:30Z,f9540943,collatz,c,0.16,1474560,33432,,420804841,930488899
2026-09-04T08:50:30Z,f9540943,collatz,go,0.24,4308992,2429874,,631461549,935436390
2026-09-04T08:50:30Z,f9540943,alloc,bit,0.75,6193152,274338,10006006,1862779011,12716428310
2026-09-04T08:50:30Z,f9540943,alloc,c,0.25,1802240,33512,10004000,662420574,4288326907
2026-09-04T08:50:30Z,f9540943,alloc,go,0.12,11124736,2446850,10002310,445818386,2151652747
2026-09-04T08:50:30Z,f9540943,allocflat,bit,0.11,5996544,273926,4006,297072043,2173903505
2026-09-04T08:50:30Z,f9540943,allocflat,c,0.01,1589248,33512,2000,22775925,59380103
2026-09-04T08:50:30Z,f9540943,allocflat,go,0.03,11108352,2430290,2320,142726928,402034583
2026-09-04T08:50:30Z,f9540943,strings,bit,0.75,137166848,291332,7125035,1910486693,12285988227
2026-09-04T08:50:30Z,f9540943,strings,c,0.04,32194560,33640,,119807375,643373517
2026-09-04T08:50:30Z,f9540943,strings,go,0.10,95322112,2429890,,419033235,1642200510
2026-09-04T08:50:30Z,f9540943,map,bit,0.22,38109184,294016,14,511312032,1640530866
2026-09-04T08:50:30Z,f9540943,map,c,0.06,202850304,33544,,137374113,228878873
2026-09-04T08:50:30Z,f9540943,map,go,0.15,43597824,2430258,,357893092,693886794
2026-09-04T08:50:30Z,f9540943,sort,bit,0.32,32653312,292561,600026,744593728,4693890771
2026-09-04T08:50:30Z,f9540943,sort,c,0.12,11567104,33656,,286685327,508587931
2026-09-04T08:50:30Z,f9540943,sort,go,0.14,15499264,2448338,,362125929,943013533
2026-09-04T08:50:30Z,f9540943,matrix,bit,1.46,8552448,273795,16,3821682270,30834475926
2026-09-04T08:50:30Z,f9540943,matrix,c,0.16,7831552,33560,3,404051465,1656122953
2026-09-04T08:50:30Z,f9540943,matrix,go,0.38,11583488,2430226,279,978472822,7324117395
2026-09-04T08:50:30Z,f9540943,json,bit,1.54,284098560,384257,6000056,3668310467,23976393804
2026-09-04T08:50:30Z,f9540943,json,c,0.09,132481024,34056,,229307331,1372067273
2026-09-04T08:50:30Z,f9540943,json,go,0.12,58277888,3766770,,385520654,2142092213
2026-09-06T00:33:47Z,388eb7e2,fib,bit,0.23,1966080,257040,6,1024018309,5962567171
2026-09-06T00:33:47Z,388eb7e2,fib,c,0.14,1490944,33448,,637619195,3146732357
2026-09-06T00:33:47Z,388eb7e2,fib,go,0.21,4308992,2429906,,950844881,5136623733
2026-09-06T00:33:47Z,388eb7e2,mandelbrot,bit,0.49,1966080,257127,6,2128631250,5004423020
2026-09-06T00:33:47Z,388eb7e2,mandelbrot,c,0.35,1474560,33440,,1606136394,2698801494
2026-09-06T00:33:47Z,388eb7e2,mandelbrot,go,0.36,4390912,2429922,,1638765614,2506136229
2026-09-06T00:33:47Z,388eb7e2,collatz,bit,0.20,2097152,257124,6,912655925,2846756996
2026-09-06T00:33:47Z,388eb7e2,collatz,c,0.09,1490944,33432,,411611059,930593842
2026-09-06T00:33:47Z,388eb7e2,collatz,go,0.14,4325376,2429874,,626780636,935112978
2026-09-06T00:33:47Z,388eb7e2,alloc,bit,0.36,6225920,257618,10006006,1537774128,11489948256
2026-09-06T00:33:47Z,388eb7e2,alloc,c,0.14,1736704,33512,10004000,636452769,4287430348
2026-09-06T00:33:47Z,388eb7e2,alloc,go,0.08,11026432,2446850,10002306,390683969,2156467151
2026-09-06T00:33:47Z,388eb7e2,allocflat,bit,0.06,6029312,257542,4006,296540336,2104335914
2026-09-06T00:33:47Z,388eb7e2,allocflat,c,0.00,1605632,33512,2000,17370180,59334051
2026-09-06T00:33:47Z,388eb7e2,allocflat,go,0.01,11927552,2430290,2309,117596178,401584027
2026-09-06T00:33:47Z,388eb7e2,strings,bit,0.32,137216000,291524,7125035,1396669957,10333264945
2026-09-06T00:33:47Z,388eb7e2,strings,c,0.02,32178176,33640,,108669922,643379343
2026-09-06T00:33:47Z,388eb7e2,strings,go,0.05,67403776,2429890,,378189404,1725847008
2026-09-06T00:33:47Z,388eb7e2,map,bit,0.10,38109184,295744,14,461399215,1182576089
2026-09-06T00:33:47Z,388eb7e2,map,c,0.04,202866688,33544,,171160507,229099456
2026-09-06T00:33:47Z,388eb7e2,map,go,0.09,43515904,2430258,,397136159,692947300
2026-09-06T00:33:47Z,388eb7e2,sort,bit,0.12,32686080,292737,600026,519991221,2874177892
2026-09-06T00:33:47Z,388eb7e2,sort,c,0.06,11567104,33656,,282739898,508582298
2026-09-06T00:33:47Z,388eb7e2,sort,go,0.08,15499264,2448338,,357707479,942665992
2026-09-06T00:33:47Z,388eb7e2,matrix,bit,0.79,8585216,257395,16,3397036426,22755604292
2026-09-06T00:33:47Z,388eb7e2,matrix,c,0.09,7831552,33560,3,398143039,1656218396
2026-09-06T00:33:47Z,388eb7e2,matrix,go,0.22,11517952,2430226,284,952071386,7323481880
2026-09-06T00:33:47Z,388eb7e2,json,bit,0.44,258637824,368161,5400062,1907154750,12825964660
2026-09-06T00:33:47Z,388eb7e2,json,c,0.05,131252224,34056,,234723975,1374568291
2026-09-06T00:33:47Z,388eb7e2,json,go,0.07,57360384,3766770,,339180804,2132586541
2026-09-06T14:00:21Z,411f04ee,fib,bit,0.24,1966080,257040,6,1029614758,5963019784
2026-09-06T14:00:21Z,411f04ee,fib,c,0.14,1490944,33448,,636121891,3146813037
2026-09-06T14:00:21Z,411f04ee,fib,go,0.22,4325376,2429906,,941902046,5137077359
2026-09-06T14:00:21Z,411f04ee,mandelbrot,bit,0.49,1966080,257127,6,2130861716,5005358241
2026-09-06T14:00:21Z,411f04ee,mandelbrot,c,0.37,1474560,33440,,1606181636,2698865674
2026-09-06T14:00:21Z,411f04ee,mandelbrot,go,0.38,4341760,2429922,,1640329241,2506448117
2026-09-06T14:00:21Z,411f04ee,collatz,bit,0.20,2097152,257124,6,896792536,2715374289
2026-09-06T14:00:21Z,411f04ee,collatz,c,0.09,1490944,33432,,411140466,930479179
2026-09-06T14:00:21Z,411f04ee,collatz,go,0.13,4325376,2429874,,626289567,935150603
2026-09-06T14:00:21Z,411f04ee,alloc,bit,0.36,6225920,257618,10006006,1549638799,11491413557
2026-09-06T14:00:21Z,411f04ee,alloc,c,0.15,1736704,33512,10004000,641113016,4287522012
2026-09-06T14:00:21Z,411f04ee,alloc,go,0.08,10911744,2446850,10002307,394633558,2161287883
2026-09-06T14:00:21Z,411f04ee,allocflat,bit,0.07,6029312,257542,4006,299551018,2104534963
2026-09-06T14:00:21Z,411f04ee,allocflat,c,0.00,1605632,33512,2000,17886825,59334154
2026-09-06T14:00:21Z,411f04ee,allocflat,go,0.01,11485184,2430290,2298,121229840,403084945
2026-09-06T14:00:21Z,411f04ee,strings,bit,0.32,137216000,291508,7125035,1386154850,10283894122
2026-09-06T14:00:21Z,411f04ee,strings,c,0.02,32178176,33640,,109953532,643368424
2026-09-06T14:00:21Z,411f04ee,strings,go,0.06,72302592,2429890,,366195332,1687281544
2026-09-06T14:00:21Z,411f04ee,map,bit,0.10,38125568,295984,14,425521437,1181153765
2026-09-06T14:00:21Z,411f04ee,map,c,0.04,202866688,33544,,171804010,229261714
2026-09-06T14:00:21Z,411f04ee,map,go,0.09,43532288,2430258,,399389307,693403787
2026-09-06T14:00:21Z,411f04ee,strmap,bit,0.39,43663360,330563,400041,1705127583,9099780641
2026-09-06T14:00:21Z,411f04ee,strmap,c,0.06,42778624,33544,400003,254837222,539881626
2026-09-06T14:00:21Z,411f04ee,strmap,go,0.15,32276480,2447122,400805,681974777,2225073132
2026-09-06T14:00:21Z,411f04ee,sort,bit,0.12,32686080,292721,600022,511771247,2872537669
2026-09-06T14:00:21Z,411f04ee,sort,c,0.06,11567104,33656,,282911612,508559172
2026-09-06T14:00:21Z,411f04ee,sort,go,0.08,15466496,2448338,,356507978,942610535
2026-09-06T14:00:21Z,411f04ee,matrix,bit,0.79,8585216,257395,16,3368653883,22755698826
2026-09-06T14:00:21Z,411f04ee,matrix,c,0.09,7831552,33560,3,398313312,1656158995
2026-09-06T14:00:21Z,411f04ee,matrix,go,0.22,11501568,2430226,285,951333762,7323573927
2026-09-06T14:00:21Z,411f04ee,json,bit,0.44,258637824,368161,5400062,1897695378,12800257540
2026-09-06T14:00:21Z,411f04ee,json,c,0.05,131235840,34056,,230555203,1371546929
2026-09-06T14:00:21Z,411f04ee,json,go,0.07,63143936,3766770,,341162533,2138608851
2026-09-07T00:19:51Z,e6727976,fib,bit,0.23,1966080,239216,6,1025569890,5962329689
2026-09-07T00:19:51Z,e6727976,fib,c,0.14,1490944,33448,,642612826,3146615091
2026-09-07T00:19:51Z,e6727976,fib,go,0.22,4308992,2429906,,953960373,5136589475
2026-09-07T00:19:51Z,e6727976,mandelbrot,bit,0.49,1966080,239303,6,2130442801,5004477506
2026-09-07T00:19:51Z,e6727976,mandelbrot,c,0.37,1474560,33440,,1605742867,2698699669
2026-09-07T00:19:51Z,e6727976,mandelbrot,go,0.38,4341760,2429922,,1638447960,2505982814
2026-09-07T00:19:51Z,e6727976,collatz,bit,0.19,2097152,239300,6,902362721,2715147870
2026-09-07T00:19:51Z,e6727976,collatz,c,0.09,1490944,33432,,410989126,930456877
2026-09-07T00:19:51Z,e6727976,collatz,go,0.13,4325376,2429874,,625653131,935074547
2026-09-07T00:19:51Z,e6727976,alloc,bit,0.26,6406144,239762,10006006,1153262076,8105677372
2026-09-07T00:19:51Z,e6727976,alloc,c,0.15,1720320,33512,10004000,646953338,4293197438
2026-09-07T00:19:51Z,e6727976,alloc,go,0.08,11141120,2446850,10002328,392088193,2156341706
2026-09-07T00:19:51Z,e6727976,allocflat,bit,0.05,6045696,239702,4006,246849389,1770382409
2026-09-07T00:19:51Z,e6727976,allocflat,c,0.00,1605632,33512,2000,17605687,59307812
2026-09-07T00:19:51Z,e6727976,allocflat,go,0.01,11698176,2430290,2303,119824269,400543971
2026-09-07T00:19:51Z,e6727976,strings,bit,0.25,140738560,257716,7125035,1073137468,7528601590
2026-09-07T00:19:51Z,e6727976,strings,c,0.02,32178176,33640,,108884649,643302182
2026-09-07T00:19:51Z,e6727976,strings,go,0.05,72302592,2429890,,376677653,1719669412
2026-09-07T00:19:51Z,e6727976,map,bit,0.09,38109184,278800,14,401277513,828604205
2026-09-07T00:19:51Z,e6727976,map,c,0.04,202866688,33544,,174972249,229151295
2026-09-07T00:19:51Z,e6727976,map,go,0.09,43548672,2430258,,396826985,693150796
2026-09-07T00:19:51Z,e6727976,strmap,bit,0.29,37306368,296931,400041,1297104132,6554543023
2026-09-07T00:19:51Z,e6727976,strmap,c,0.05,42778624,33544,400003,251460230,539672874
2026-09-07T00:19:51Z,e6727976,strmap,go,0.15,32309248,2447122,400806,676796062,2218000732
2026-09-07T00:19:51Z,e6727976,sort,bit,0.09,26329088,275361,600022,399178928,2208986763
2026-09-07T00:19:51Z,e6727976,sort,c,0.06,11583488,33656,,282225199,508556046
2026-09-07T00:19:51Z,e6727976,sort,go,0.08,15482880,2448338,,357165769,942640577
2026-09-07T00:19:51Z,e6727976,matrix,bit,0.76,8568832,256435,16,3289734778,22754407057
2026-09-07T00:19:51Z,e6727976,matrix,c,0.09,7831552,33560,3,397986060,1656167727
2026-09-07T00:19:51Z,e6727976,matrix,go,0.21,11501568,2430226,285,950854393,7323407117
2026-09-07T00:19:51Z,e6727976,json,bit,0.43,189612032,351057,5400062,1827790722,12344620170
2026-09-07T00:19:51Z,e6727976,json,c,0.05,131235840,34056,,229795332,1371653700
2026-09-07T00:19:51Z,e6727976,json,go,0.07,60178432,3766770,,342111327,2136782467
2026-09-08T00:23:37Z,d1534308,fib,bit,0.23,1949696,239216,6,1025795442,5962308876
2026-09-08T00:23:37Z,d1534308,fib,c,0.14,1474560,33448,0,637971585,3146544740
2026-09-08T00:23:37Z,d1534308,fib,go,0.22,4472832,2430258,194,948242659,5136663701
2026-09-08T00:23:37Z,d1534308,mandelbrot,bit,0.49,1949696,239303,6,2132402630,4792719098
2026-09-08T00:23:37Z,d1534308,mandelbrot,c,0.37,1458176,33440,0,1605012051,2698665976
2026-09-08T00:23:37Z,d1534308,mandelbrot,go,0.38,4407296,2430274,194,1637996191,2506038064
2026-09-08T00:23:37Z,d1534308,collatz,bit,0.20,2080768,239300,6,913600823,2578782466
2026-09-08T00:23:37Z,d1534308,collatz,c,0.09,1474560,33432,0,410956943,930496947
2026-09-08T00:23:37Z,d1534308,collatz,go,0.13,4407296,2430226,194,625623140,935131440
2026-09-08T00:23:37Z,d1534308,alloc,bit,0.27,6389760,239762,10006006,1154356771,8014939620
2026-09-08T00:23:37Z,d1534308,alloc,c,0.15,1720320,33512,10004000,636651496,4287365551
2026-09-08T00:23:37Z,d1534308,alloc,go,0.08,10878976,2446850,10002301,392933817,2150549589
2026-09-08T00:23:37Z,d1534308,allocflat,bit,0.05,6029312,239702,4006,249600576,1660348627
2026-09-08T00:23:37Z,d1534308,allocflat,c,0.00,1589248,33512,2000,17606663,59326962
2026-09-08T00:23:37Z,d1534308,allocflat,go,0.01,11993088,2430290,2293,121107443,402302650
2026-09-08T00:23:37Z,d1534308,strings,bit,0.25,140722176,257636,7125035,1059534904,7463402274
2026-09-08T00:23:37Z,d1534308,strings,c,0.02,32161792,33640,11,108729324,643306844
2026-09-08T00:23:37Z,d1534308,strings,go,0.05,72138752,2446738,344,379437564,1722789956
2026-09-08T00:23:37Z,d1534308,map,bit,0.07,38092800,278960,14,325527588,802960534
2026-09-08T00:23:37Z,d1534308,map,c,0.04,202850304,33544,1,170762117,229031993
2026-09-08T00:23:37Z,d1534308,map,go,0.09,43515904,2447122,4377,398980765,692896837
2026-09-08T00:23:37Z,d1534308,strmap,bit,0.30,37289984,297123,400041,1289629344,6458067647
2026-09-08T00:23:37Z,d1534308,strmap,c,0.06,42762240,33544,400003,252219078,539742310
2026-09-08T00:23:37Z,d1534308,strmap,go,0.15,32112640,2447122,400796,675468647,2199276597
2026-09-08T00:23:37Z,d1534308,sort,bit,0.07,26312704,275441,600022,321506996,1964986251
2026-09-08T00:23:37Z,d1534308,sort,c,0.06,11567104,33656,150002,283662558,508593946
2026-09-08T00:23:37Z,d1534308,sort,go,0.08,15499264,2465202,150284,355989163,942623096
2026-09-08T00:23:37Z,d1534308,matrix,bit,0.31,8552448,256483,16,1381243749,12279917122
2026-09-08T00:23:37Z,d1534308,matrix,c,0.09,7815168,33560,3,397201060,1656144306
2026-09-08T00:23:37Z,d1534308,matrix,go,0.22,11485184,2430226,284,950979630,7323441968
2026-09-08T00:23:37Z,d1534308,json,bit,0.42,189595648,351153,5400062,1795186782,12290365028
2026-09-08T00:23:37Z,d1534308,json,c,0.05,131235840,34056,2250021,229306522,1371572124
2026-09-08T00:23:37Z,d1534308,json,go,0.07,60932096,3767122,1049992,339513222,2133374041
2026-09-09T10:00:52Z,7531627a,fib,bit,0.24,1949696,239264,6,1012042873,5962333008
2026-09-09T10:00:52Z,7531627a,fib,c,0.14,1474560,33448,0,635845961,3146629030
2026-09-09T10:00:52Z,7531627a,fib,go,0.22,4374528,2430258,195,945331000,5136555901
2026-09-09T10:00:52Z,7531627a,mandelbrot,bit,0.48,1949696,239351,6,2133618915,4793032272
2026-09-09T10:00:52Z,7531627a,mandelbrot,c,0.36,1458176,33440,0,1606085999,2698843570
2026-09-09T10:00:52Z,7531627a,mandelbrot,go,0.37,4407296,2430274,195,1639056047,2506060873
2026-09-09T10:00:52Z,7531627a,collatz,bit,0.20,2080768,239348,6,917189544,2578774610
2026-09-09T10:00:52Z,7531627a,collatz,c,0.09,1474560,33432,0,411360509,930522077
2026-09-09T10:00:52Z,7531627a,collatz,go,0.14,4423680,2430226,195,626196471,935120496
2026-09-09T10:00:52Z,7531627a,alloc,bit,0.26,6389760,239810,10006006,1149555228,7997835131
2026-09-09T10:00:52Z,7531627a,alloc,c,0.15,1720320,33512,10004000,641149548,4289741139
2026-09-09T10:00:52Z,7531627a,alloc,go,0.07,10993664,2446850,10002306,392711859,2154191232
2026-09-09T10:00:52Z,7531627a,allocflat,bit,0.05,6012928,239734,4006,248467737,1645533233
2026-09-09T10:00:52Z,7531627a,allocflat,c,0.00,1589248,33512,2000,17684075,59332500
2026-09-09T10:00:52Z,7531627a,allocflat,go,0.01,11862016,2430290,2303,119871164,401854050
2026-09-09T10:00:52Z,7531627a,strings,bit,0.24,140722176,257988,7125035,1066868675,7455217980
2026-09-09T10:00:52Z,7531627a,strings,c,0.02,32161792,33640,11,109173470,643329013
2026-09-09T10:00:52Z,7531627a,strings,go,0.05,72908800,2446738,338,373670006,1714594390
2026-09-09T10:00:52Z,7531627a,map,bit,0.07,38092800,278992,14,323709212,793592546
2026-09-09T10:00:52Z,7531627a,map,c,0.04,202850304,33544,1,172741446,229048911
2026-09-09T10:00:52Z,7531627a,map,go,0.08,43515904,2447122,4378,389164777,693000507
2026-09-09T10:00:52Z,7531627a,strmap,bit,0.31,37322752,297523,400041,1343459024,6649552230
2026-09-09T10:00:52Z,7531627a,strmap,c,0.06,42762240,33544,400003,255185298,539782064
2026-09-09T10:00:52Z,7531627a,strmap,go,0.15,32260096,2447122,400797,676430425,2217985815
2026-09-09T10:00:52Z,7531627a,sort,bit,0.07,26312704,275809,600022,315482130,1928659984
2026-09-09T10:00:52Z,7531627a,sort,c,0.06,11550720,33656,150002,285434542,508650755
2026-09-09T10:00:52Z,7531627a,sort,go,0.08,15499264,2465202,150285,356949537,942614337
2026-09-09T10:00:52Z,7531627a,matrix,bit,0.31,8552448,240003,16,1382287073,12279669696
2026-09-09T10:00:52Z,7531627a,matrix,c,0.09,7815168,33560,3,397481166,1656200449
2026-09-09T10:00:52Z,7531627a,matrix,go,0.21,11485184,2430226,284,951743013,7323473912
2026-09-09T10:00:52Z,7531627a,json,bit,0.36,187645952,351633,5400061,1565201656,10576442939
2026-09-09T10:00:52Z,7531627a,json,c,0.05,131235840,34056,2250021,230470356,1371600102
2026-09-09T10:00:52Z,7531627a,json,go,0.07,60440576,3767122,1049989,340087826,2139332061
2026-09-11T02:54:37Z,69ac415e,fib,bit,0.28,1933312,240304,6,1012379142,5963112070
2026-09-11T02:54:37Z,69ac415e,fib,c,0.17,1474560,33448,0,634685451,3146750471
2026-09-11T02:54:37Z,69ac415e,fib,go,0.26,4374528,2430258,195,946395007,5137432600
2026-09-11T02:54:37Z,69ac415e,mandelbrot,bit,0.52,1933312,240375,6,2139615131,4790850760
2026-09-11T02:54:37Z,69ac415e,mandelbrot,c,0.38,1458176,33440,0,1609767316,2700385860
2026-09-11T02:54:37Z,69ac415e,mandelbrot,go,0.39,4407296,2430274,201,1644160999,2508235788
2026-09-11T02:54:37Z,69ac415e,collatz,bit,0.23,2064384,240388,6,919341157,2579139290
2026-09-11T02:54:37Z,69ac415e,collatz,c,0.10,1474560,33432,0,410731389,930577278
2026-09-11T02:54:37Z,69ac415e,collatz,go,0.15,4407296,2430226,195,624986476,935387528
2026-09-11T02:54:37Z,69ac415e,alloc,bit,0.25,6389760,240802,10006006,1000910602,7651545951
2026-09-11T02:54:37Z,69ac415e,alloc,c,0.15,1769472,33512,10004000,623085252,4291092316
2026-09-11T02:54:37Z,69ac415e,alloc,go,0.09,11436032,2446850,10002334,417690951,2164826427
2026-09-11T02:54:37Z,69ac415e,allocflat,bit,0.06,5996544,240726,4006,253473872,1593749440
2026-09-11T02:54:37Z,69ac415e,allocflat,c,0.00,1589248,33512,2000,17337112,59342494
2026-09-11T02:54:37Z,69ac415e,allocflat,go,0.02,11845632,2430290,2341,135949770,410436844
2026-09-11T02:54:37Z,69ac415e,strings,bit,0.25,140722176,275316,7125035,964678283,7140810136
2026-09-11T02:54:37Z,69ac415e,strings,c,0.03,32161792,33640,11,108805403,643443804
2026-09-11T02:54:37Z,69ac415e,strings,go,0.06,67420160,2446738,341,373689246,1703866856
2026-09-11T02:54:37Z,69ac415e,map,bit,0.11,38092800,279920,14,333372651,757268007
2026-09-11T02:54:37Z,69ac415e,map,c,0.05,202850304,33544,1,156095249,234112375
2026-09-11T02:54:37Z,69ac415e,map,go,0.14,43565056,2447122,4374,417154138,695712812
2026-09-11T02:54:37Z,69ac415e,strmap,bit,0.32,37339136,298435,400041,1341788262,6396222363
2026-09-11T02:54:37Z,69ac415e,strmap,c,0.06,42762240,33544,400003,258852028,540654880
2026-09-11T02:54:37Z,69ac415e,strmap,go,0.16,32260096,2447122,400799,686054283,2212653766
2026-09-11T02:54:37Z,69ac415e,sort,bit,0.07,26345472,276593,600022,309592287,1878630947
2026-09-11T02:54:37Z,69ac415e,sort,c,0.06,11550720,33656,150002,284097821,508681599
2026-09-11T02:54:37Z,69ac415e,sort,go,0.08,15515648,2465202,150285,356559726,942730685
2026-09-11T02:54:37Z,69ac415e,matrix,bit,0.32,8552448,240803,16,1383366927,12279860990
2026-09-11T02:54:37Z,69ac415e,matrix,c,0.09,7815168,33560,3,398163620,1656217503
2026-09-11T02:54:37Z,69ac415e,matrix,go,0.22,11517952,2430226,314,956206258,7324020851
2026-09-11T02:54:37Z,69ac415e,json,bit,0.36,187645952,352689,5400061,1527151092,10254298040
2026-09-11T02:54:37Z,69ac415e,json,c,0.05,131252224,34056,2250021,235169332,1372141694
2026-09-11T02:54:37Z,69ac415e,json,go,0.07,62930944,3767122,1049995,348690074,2142654957
2026-09-13T03:37:50Z,52be55dc,fib,bit,0.23,1933312,240192,6,1012165020,5962720293
2026-09-13T03:37:50Z,52be55dc,fib,c,0.15,1474560,33448,0,636477266,3146827571
2026-09-13T03:37:50Z,52be55dc,fib,go,0.22,4390912,2430258,194,944626565,5136937169
2026-09-13T03:37:50Z,52be55dc,mandelbrot,bit,0.48,1933312,240263,6,2137782374,4789730090
2026-09-13T03:37:50Z,52be55dc,mandelbrot,c,0.36,1458176,33440,0,1609370700,2699514231
2026-09-13T03:37:50Z,52be55dc,mandelbrot,go,0.37,4456448,2430274,194,1642931337,2507230573
2026-09-13T03:37:50Z,52be55dc,collatz,bit,0.21,2064384,240276,6,917896905,2579078136
2026-09-13T03:37:50Z,52be55dc,collatz,c,0.09,1474560,33432,0,412117008,930621031
2026-09-13T03:37:50Z,52be55dc,collatz,go,0.14,4423680,2430226,194,627788883,935474259
2026-09-13T03:37:50Z,52be55dc,alloc,bit,0.23,6389760,240690,10006006,984030384,7549724923
2026-09-13T03:37:50Z,52be55dc,alloc,c,0.14,1720320,33512,10004000,616753050,4287785856
2026-09-13T03:37:50Z,52be55dc,alloc,go,0.08,10944512,2446850,10002303,394329944,2158855669
2026-09-13T03:37:50Z,52be55dc,allocflat,bit,0.06,5996544,240614,4006,256563356,1603494779
2026-09-13T03:37:50Z,52be55dc,allocflat,c,0.00,1589248,33512,2000,18110270,59360777
2026-09-13T03:37:50Z,52be55dc,allocflat,go,0.02,11288576,2430290,2305,122061053,405060502
2026-09-13T03:37:50Z,52be55dc,strings,bit,0.22,140722176,275204,7125035,958879521,7066848036
2026-09-13T03:37:50Z,52be55dc,strings,c,0.02,32161792,33640,11,110099477,643415014
2026-09-13T03:37:50Z,52be55dc,strings,go,0.06,87883776,2446738,338,362324263,1682834296
2026-09-13T03:37:50Z,52be55dc,map,bit,0.07,38092800,279728,14,327048511,748636445
2026-09-13T03:37:50Z,52be55dc,map,c,0.04,202850304,33544,1,174878480,229795246
2026-09-13T03:37:50Z,52be55dc,map,go,0.10,43515904,2447122,4371,427870281,693404862
2026-09-13T03:37:50Z,52be55dc,strmap,bit,0.31,37322752,298227,400041,1372345696,6428619391
2026-09-13T03:37:50Z,52be55dc,strmap,c,0.06,42762240,33544,400003,265930696,540396939
2026-09-13T03:37:50Z,52be55dc,strmap,go,0.15,32276480,2447122,400802,691183472,2238636364
2026-09-13T03:37:50Z,52be55dc,sort,bit,0.07,26329088,276481,600022,330945878,1882879252
2026-09-13T03:37:50Z,52be55dc,sort,c,0.06,11567104,33656,150002,287921079,509488745
2026-09-13T03:37:50Z,52be55dc,sort,go,0.08,15532032,2465202,150284,363487900,943915114
2026-09-13T03:37:50Z,52be55dc,matrix,bit,0.32,8552448,240707,16,1384161467,12280431270
2026-09-13T03:37:50Z,52be55dc,matrix,c,0.09,7815168,33560,3,400111206,1656591029
2026-09-13T03:37:50Z,52be55dc,matrix,go,0.22,11468800,2430226,277,955673312,7324224275
2026-09-13T03:37:50Z,52be55dc,json,bit,0.32,187645952,352529,5400061,1379630979,9283850069
2026-09-13T03:37:50Z,52be55dc,json,c,0.05,131235840,34056,2250021,234350674,1372605599
2026-09-13T03:37:50Z,52be55dc,json,go,0.07,58163200,3767122,1049993,339771220,2134105495
2026-09-13T12:32:07Z,35c00e75,fib,bit,0.23,1933312,240192,6,1011216341,5962227243
2026-09-13T12:32:07Z,35c00e75,fib,c,0.14,1474560,33448,0,636900792,3146580985
2026-09-13T12:32:07Z,35c00e75,fib,go,0.22,4390912,2430258,194,946840442,5136588152
2026-09-13T12:32:07Z,35c00e75,mandelbrot,bit,0.48,1933312,240263,6,2129770121,4787980716
2026-09-13T12:32:07Z,35c00e75,mandelbrot,c,0.36,1458176,33440,0,1604253479,2698509461
2026-09-13T12:32:07Z,35c00e75,mandelbrot,go,0.38,4407296,2430274,194,1637008538,2505986072
2026-09-13T12:32:07Z,35c00e75,collatz,bit,0.20,2064384,240276,6,918821387,2578711196
2026-09-13T12:32:07Z,35c00e75,collatz,c,0.09,1474560,33432,0,411013716,930529603
2026-09-13T12:32:07Z,35c00e75,collatz,go,0.13,4423680,2430226,194,625212625,935173688
2026-09-13T12:32:07Z,35c00e75,alloc,bit,0.22,6389760,240690,10006006,964219635,7549192898
2026-09-13T12:32:07Z,35c00e75,alloc,c,0.15,1720320,33512,10004000,636104684,4288312387
2026-09-13T12:32:07Z,35c00e75,alloc,go,0.08,10944512,2446850,10002301,390625913,2151785192
2026-09-13T12:32:07Z,35c00e75,allocflat,bit,0.06,5996544,240614,4006,253552656,1603448105
2026-09-13T12:32:07Z,35c00e75,allocflat,c,0.00,1589248,33512,2000,17959892,59342435
2026-09-13T12:32:07Z,35c00e75,allocflat,go,0.01,11485184,2430290,2291,122134311,403236040
2026-09-13T12:32:07Z,35c00e75,strings,bit,0.21,140722176,275204,7125035,940200021,7063260631
2026-09-13T12:32:07Z,35c00e75,strings,c,0.02,32161792,33640,11,108906759,643350782
2026-09-13T12:32:07Z,35c00e75,strings,go,0.05,87982080,2446738,336,364060128,1694534462
2026-09-13T12:32:07Z,35c00e75,map,bit,0.07,38092800,279728,14,318486604,748569677
2026-09-13T12:32:07Z,35c00e75,map,c,0.04,202850304,33544,1,178502430,229518957
2026-09-13T12:32:07Z,35c00e75,map,go,0.09,43466752,2447122,4378,397057735,693086892
2026-09-13T12:32:07Z,35c00e75,strmap,bit,0.30,37322752,298227,400041,1314777110,6444121611
2026-09-13T12:32:07Z,35c00e75,strmap,c,0.06,42762240,33544,400003,255468466,540487099
2026-09-13T12:32:07Z,35c00e75,strmap,go,0.15,32292864,2447122,400802,679070964,2225991303
2026-09-13T12:32:07Z,35c00e75,sort,bit,0.07,26329088,276481,600022,305600503,1880994407
2026-09-13T12:32:07Z,35c00e75,sort,c,0.06,11550720,33656,150002,283978185,508614523
2026-09-13T12:32:07Z,35c00e75,sort,go,0.08,15515648,2465202,150290,357222765,942718543
2026-09-13T12:32:07Z,35c00e75,matrix,bit,0.31,8552448,240707,16,1379063089,12279401963
2026-09-13T12:32:07Z,35c00e75,matrix,c,0.09,7815168,33560,3,397673554,1656160268
2026-09-13T12:32:07Z,35c00e75,matrix,go,0.21,11501568,2430226,283,950186147,7323359552
2026-09-13T12:32:07Z,35c00e75,json,bit,0.32,187645952,352529,5400061,1358266295,9261615030
2026-09-13T12:32:07Z,35c00e75,json,c,0.05,131219456,34056,2250021,232116705,1371845313
2026-09-13T12:32:07Z,35c00e75,json,go,0.07,56737792,3767122,1049988,338183598,2127563940
2026-09-14T15:46:16Z,d3a6834d,fib,bit,0.23,1933312,240320,6,1009858500,5962363865
2026-09-14T15:46:16Z,d3a6834d,fib,c,0.14,1474560,33448,0,637445047,3146552318
2026-09-14T15:46:16Z,d3a6834d,fib,go,0.21,4390912,2430258,194,937795647,5136644827
2026-09-14T15:46:16Z,d3a6834d,mandelbrot,bit,0.48,1933312,240391,6,2133766505,4788530799
2026-09-14T15:46:16Z,d3a6834d,mandelbrot,c,0.36,1458176,33440,0,1604969185,2698637387
2026-09-14T15:46:16Z,d3a6834d,mandelbrot,go,0.37,4407296,2430274,194,1638034699,2506122847
2026-09-14T15:46:16Z,d3a6834d,collatz,bit,0.20,2064384,240404,6,917489126,2578855024
2026-09-14T15:46:16Z,d3a6834d,collatz,c,0.09,1474560,33432,0,411184144,930484961
2026-09-14T15:46:16Z,d3a6834d,collatz,go,0.13,4489216,2430226,194,626428361,935254077
2026-09-14T15:46:16Z,d3a6834d,alloc,bit,0.23,6389760,240818,10006006,976176521,7548284794
2026-09-14T15:46:16Z,d3a6834d,alloc,c,0.15,1720320,33512,10004000,643201445,4287255386
2026-09-14T15:46:16Z,d3a6834d,alloc,go,0.08,11010048,2446850,10002307,400995664,2150165614
2026-09-14T15:46:16Z,d3a6834d,allocflat,bit,0.06,5996544,240742,4006,254763016,1602781329
2026-09-14T15:46:16Z,d3a6834d,allocflat,c,0.00,1589248,33512,2000,17767992,59339036
2026-09-14T15:46:16Z,d3a6834d,allocflat,go,0.01,11304960,2430290,2303,118998935,400508221
2026-09-14T15:46:16Z,d3a6834d,strings,bit,0.22,140722176,275316,7125035,939811964,7061368466
2026-09-14T15:46:16Z,d3a6834d,strings,c,0.02,32161792,33640,11,109275554,643329530
2026-09-14T15:46:16Z,d3a6834d,strings,go,0.06,87982080,2446738,334,365661549,1696842018
2026-09-14T15:46:16Z,d3a6834d,map,bit,0.07,38092800,279840,14,305901177,748514498
2026-09-14T15:46:16Z,d3a6834d,map,c,0.04,202850304,33544,1,174275317,229228474
2026-09-14T15:46:16Z,d3a6834d,map,go,0.08,43532288,2447122,4377,383434485,693356314
2026-09-14T15:46:16Z,d3a6834d,strmap,bit,0.30,37339136,298355,400041,1312010250,6444504845
2026-09-14T15:46:16Z,d3a6834d,strmap,c,0.06,42762240,33544,400003,255112097,539781840
2026-09-14T15:46:16Z,d3a6834d,strmap,go,0.15,32325632,2447122,400802,678332737,2218434298
2026-09-14T15:46:16Z,d3a6834d,sort,bit,0.07,26329088,276609,600022,304635456,1880935617
2026-09-14T15:46:16Z,d3a6834d,sort,c,0.06,11550720,33656,150002,285713645,508611088
2026-09-14T15:46:16Z,d3a6834d,sort,go,0.08,15482880,2465202,150284,356783952,942676000
2026-09-14T15:46:16Z,d3a6834d,matrix,bit,0.32,8552448,240819,16,1380149341,12279669276
2026-09-14T15:46:16Z,d3a6834d,matrix,c,0.09,7815168,33560,3,398006896,1656153454
2026-09-14T15:46:16Z,d3a6834d,matrix,go,0.22,11517952,2430226,277,950599103,7323521992
2026-09-14T15:46:16Z,d3a6834d,json,bit,0.31,187645952,352641,5400061,1354162878,9264031858
2026-09-14T15:46:16Z,d3a6834d,json,c,0.05,131252224,34056,2250021,231817516,1371640892
2026-09-14T15:46:16Z,d3a6834d,json,go,0.07,58474496,3767122,1049992,337363714,2135755983
2026-09-14T21:14:19Z,a24594ac,fib,bit,0.24,1933312,240320,6,1018039462,5962734321
2026-09-14T21:14:19Z,a24594ac,fib,c,0.15,1474560,33448,0,635718010,3146773519
2026-09-14T21:14:19Z,a24594ac,fib,go,0.22,4456448,2430258,194,937959713,5136983063
2026-09-14T21:14:19Z,a24594ac,mandelbrot,bit,0.49,1933312,240391,6,2140826801,4790104294
2026-09-14T21:14:19Z,a24594ac,mandelbrot,c,0.37,1458176,33440,0,1612366224,2699899157
2026-09-14T21:14:19Z,a24594ac,mandelbrot,go,0.38,4407296,2430274,194,1646762054,2507545297
2026-09-14T21:14:19Z,a24594ac,collatz,bit,0.21,2064384,240404,6,920590084,2579328342
2026-09-14T21:14:19Z,a24594ac,collatz,c,0.09,1474560,33432,0,412843324,930676695
2026-09-14T21:14:19Z,a24594ac,collatz,go,0.14,4423680,2430226,194,628397393,935568276
2026-09-14T21:14:19Z,a24594ac,alloc,bit,0.23,6389760,240818,10006006,987359762,7549257483
2026-09-14T21:14:19Z,a24594ac,alloc,c,0.14,1720320,33512,10004000,621605917,4287828238
2026-09-14T21:14:19Z,a24594ac,alloc,go,0.08,10797056,2446850,10002317,398013375,2157561298
2026-09-14T21:14:19Z,a24594ac,allocflat,bit,0.06,5996544,240742,4006,257712886,1602908680
2026-09-14T21:14:19Z,a24594ac,allocflat,c,0.00,1589248,33512,2000,18190990,59349365
2026-09-14T21:14:19Z,a24594ac,allocflat,go,0.01,11370496,2430290,2286,127481427,405249070
2026-09-14T21:14:19Z,a24594ac,strings,bit,0.22,140722176,275316,7125035,951135180,7061525412
2026-09-14T21:14:19Z,a24594ac,strings,c,0.02,32161792,33640,11,109944752,643397757
2026-09-14T21:14:19Z,a24594ac,strings,go,0.06,72220672,2446738,336,375493918,1704174050
2026-09-14T21:14:19Z,a24594ac,map,bit,0.07,38092800,279840,14,321214803,748672375
2026-09-14T21:14:19Z,a24594ac,map,c,0.04,202850304,33544,1,172990146,229315272
2026-09-14T21:14:19Z,a24594ac,map,go,0.09,43532288,2447122,4372,403469015,693419593
2026-09-14T21:14:19Z,a24594ac,strmap,bit,0.31,37339136,298355,400041,1320691885,6427313902
2026-09-14T21:14:19Z,a24594ac,strmap,c,0.06,42762240,33544,400003,260494034,539960011
2026-09-14T21:14:19Z,a24594ac,strmap,go,0.16,32096256,2447122,400808,689413360,2212238081
2026-09-14T21:14:19Z,a24594ac,sort,bit,0.07,26329088,276609,600022,315536664,1881270227
2026-09-14T21:14:19Z,a24594ac,sort,c,0.06,11567104,33656,150002,284851630,508796991
2026-09-14T21:14:19Z,a24594ac,sort,go,0.08,15515648,2465202,150280,359257051,943171737
2026-09-14T21:14:19Z,a24594ac,matrix,bit,0.32,8552448,240819,16,1384906491,12280171951
2026-09-14T21:14:19Z,a24594ac,matrix,c,0.09,7815168,33560,3,399649060,1656284561
2026-09-14T21:14:19Z,a24594ac,matrix,go,0.22,11485184,2430226,277,954363539,7323943074
2026-09-14T21:14:19Z,a24594ac,json,bit,0.32,187645952,352641,5400061,1376679415,9260315150
2026-09-14T21:14:19Z,a24594ac,json,c,0.05,131235840,34056,2250021,234278882,1371963373
2026-09-14T21:14:19Z,a24594ac,json,go,0.07,58163200,3767122,1050001,343659963,2127889929
2026-09-15T13:58:10Z,5cf6469d,fib,bit,0.23,1933312,240336,6,1011005516,5962375044
2026-09-15T13:58:10Z,5cf6469d,fib,c,0.14,1474560,33448,0,636564435,3146575899
2026-09-15T13:58:10Z,5cf6469d,fib,go,0.22,4456448,2430258,200,935998280,5136608859
2026-09-15T13:58:10Z,5cf6469d,mandelbrot,bit,0.49,1933312,240407,6,2131949108,4788504827
2026-09-15T13:58:10Z,5cf6469d,mandelbrot,c,0.37,1458176,33440,0,1604700992,2698600485
2026-09-15T13:58:10Z,5cf6469d,mandelbrot,go,0.38,4472832,2430274,194,1637577787,2506138890
2026-09-15T13:58:10Z,5cf6469d,collatz,bit,0.21,2064384,240420,6,917274810,2579032609
2026-09-15T13:58:10Z,5cf6469d,collatz,c,0.09,1474560,33432,0,411843180,930679836
2026-09-15T13:58:10Z,5cf6469d,collatz,go,0.14,4472832,2430226,194,625773959,935508223
2026-09-15T13:58:10Z,5cf6469d,alloc,bit,0.23,6389760,240834,10006006,974984092,7552410798
2026-09-15T13:58:10Z,5cf6469d,alloc,c,0.14,1720320,33512,10004000,616407237,4289249295
2026-09-15T13:58:10Z,5cf6469d,alloc,go,0.08,10993664,2446850,10002311,398602792,2155560698
2026-09-15T13:58:10Z,5cf6469d,allocflat,bit,0.06,5996544,240758,4006,257586282,1603151970
2026-09-15T13:58:10Z,5cf6469d,allocflat,c,0.00,1589248,33512,2000,18136971,59361984
2026-09-15T13:58:10Z,5cf6469d,allocflat,go,0.01,11534336,2430290,2308,130589377,407170012
2026-09-15T13:58:10Z,5cf6469d,strings,bit,0.22,140722176,275348,7125035,945618721,7062748719
2026-09-15T13:58:10Z,5cf6469d,strings,c,0.02,32161792,33640,11,109378150,643395074
2026-09-15T13:58:10Z,5cf6469d,strings,go,0.06,72351744,2446738,336,369098440,1696350808
2026-09-15T13:58:10Z,5cf6469d,map,bit,0.08,38092800,279856,14,334671806,749546086
2026-09-15T13:58:10Z,5cf6469d,map,c,0.04,202850304,33544,1,175486266,230921449
2026-09-15T13:58:10Z,5cf6469d,map,go,0.10,43483136,2447122,4377,414794123,694509563
2026-09-15T13:58:10Z,5cf6469d,strmap,bit,0.32,37339136,298371,400041,1355009093,6425496380
2026-09-15T13:58:10Z,5cf6469d,strmap,c,0.06,42762240,33544,400003,268775483,541414334
2026-09-15T13:58:10Z,5cf6469d,strmap,go,0.16,32342016,2447122,400793,694043304,2233843463
2026-09-15T13:58:10Z,5cf6469d,sort,bit,0.07,26345472,276625,600022,317460555,1881894506
2026-09-15T13:58:10Z,5cf6469d,sort,c,0.07,11567104,33656,150002,288199981,509513520
2026-09-15T13:58:10Z,5cf6469d,sort,go,0.08,15515648,2465202,150278,361084884,943900240
2026-09-15T13:58:10Z,5cf6469d,matrix,bit,0.32,8552448,240835,16,1385037125,12280462926
2026-09-15T13:58:10Z,5cf6469d,matrix,c,0.09,7815168,33560,3,400184899,1656492301
2026-09-15T13:58:10Z,5cf6469d,matrix,go,0.22,11501568,2430226,283,956172272,7324347611
2026-09-15T13:58:10Z,5cf6469d,json,bit,0.31,153698304,352673,4350060,1309369637,8748337910
2026-09-15T13:58:10Z,5cf6469d,json,c,0.06,131235840,34056,2250021,239951932,1378806309
2026-09-15T13:58:10Z,5cf6469d,json,go,0.07,57786368,3767122,1049995,342450720,2131479715
2026-09-16T16:00:14Z,4b6c720d,fib,bit,0.23,2260992,240448,6,1025014763,5962631187
2026-09-16T16:00:14Z,4b6c720d,fib,c,0.14,1867776,33448,0,633519946,3146633325
2026-09-16T16:00:14Z,4b6c720d,fib,go,0.21,4784128,2430258,202,940130299,5136929827
2026-09-16T16:00:14Z,4b6c720d,mandelbrot,bit,0.47,2260992,240519,6,2133777916,4788571841
2026-09-16T16:00:14Z,4b6c720d,mandelbrot,c,0.35,1884160,33440,0,1606440085,2698827233
2026-09-16T16:00:14Z,4b6c720d,mandelbrot,go,0.36,4816896,2430274,196,1639337903,2506436771
2026-09-16T16:00:14Z,4b6c720d,collatz,bit,0.21,2392064,240532,6,919991954,2578879621
2026-09-16T16:00:14Z,4b6c720d,collatz,c,0.09,1884160,33432,0,411656387,930503521
2026-09-16T16:00:14Z,4b6c720d,collatz,go,0.14,4816896,2430226,196,627270756,935541595
2026-09-16T16:00:14Z,4b6c720d,alloc,bit,0.22,6717440,240946,10006006,966999433,7549167195
2026-09-16T16:00:14Z,4b6c720d,alloc,c,0.10,2129920,33512,10004000,460389635,3606805642
2026-09-16T16:00:14Z,4b6c720d,alloc,go,0.08,11436032,2446850,10002301,389173800,2151664879
2026-09-16T16:00:14Z,4b6c720d,allocflat,bit,0.05,6324224,240870,4006,253587196,1603013154
2026-09-16T16:00:14Z,4b6c720d,allocflat,c,0.00,1998848,33512,2000,18017842,59236673
2026-09-16T16:00:14Z,4b6c720d,allocflat,go,0.01,11681792,2430290,2297,114442968,403858653
2026-09-16T16:00:14Z,4b6c720d,strings,bit,0.22,141049856,275460,7125035,949789461,7060155430
2026-09-16T16:00:14Z,4b6c720d,strings,c,0.02,32522240,33640,11,109500849,643291189
2026-09-16T16:00:14Z,4b6c720d,strings,go,0.05,72679424,2446738,338,372440021,1717314912
2026-09-16T16:00:14Z,4b6c720d,map,bit,0.07,38420480,279984,14,315052784,748488184
2026-09-16T16:00:14Z,4b6c720d,map,c,0.04,203227136,33544,1,178957302,228914442
2026-09-16T16:00:14Z,4b6c720d,map,go,0.08,43876352,2447122,4379,398427198,693454287
2026-09-16T16:00:14Z,4b6c720d,strmap,bit,0.31,37666816,298483,400041,1317905846,6425442625
2026-09-16T16:00:14Z,4b6c720d,strmap,c,0.06,43155456,33544,400003,259309800,534185337
2026-09-16T16:00:14Z,4b6c720d,strmap,go,0.15,32653312,2447122,400798,676302219,2212026655
2026-09-16T16:00:14Z,4b6c720d,sort,bit,0.07,26673152,276769,600022,309910125,1880897275
2026-09-16T16:00:14Z,4b6c720d,sort,c,0.06,11943936,33656,150002,280021216,503622051
2026-09-16T16:00:14Z,4b6c720d,sort,go,0.08,15925248,2465202,150292,357790480,943085143
2026-09-16T16:00:14Z,4b6c720d,matrix,bit,0.32,8880128,257475,16,1380720964,12279486450
2026-09-16T16:00:14Z,4b6c720d,matrix,c,0.09,8192000,33560,3,399353325,1656116535
2026-09-16T16:00:14Z,4b6c720d,matrix,go,0.22,11878400,2430226,285,953125599,7323751157
2026-09-16T16:00:14Z,4b6c720d,json,bit,0.30,154025984,352785,4350060,1297108835,8735322511
2026-09-16T16:00:14Z,4b6c720d,json,c,0.05,131629056,34056,2250021,224809622,1339519712
2026-09-16T16:00:14Z,4b6c720d,json,go,0.07,61734912,3767122,1049995,342360548,2140395192
2026-09-18T18:28:47Z,14c83f6e,fib,bit,0.23,2277376,258784,6,1001043425,5962579135
2026-09-18T18:28:47Z,14c83f6e,fib,c,0.15,1867776,33448,0,635332654,3146759498
2026-09-18T18:28:47Z,14c83f6e,fib,go,0.22,4800512,2430258,196,938645185,5136890559
2026-09-18T18:28:47Z,14c83f6e,mandelbrot,bit,0.47,2277376,275367,6,2133920499,4788437833
2026-09-18T18:28:47Z,14c83f6e,mandelbrot,c,0.36,1884160,33440,0,1605258915,2698756311
2026-09-18T18:28:47Z,14c83f6e,mandelbrot,go,0.36,4816896,2430274,196,1637694000,2506177767
2026-09-18T18:28:47Z,14c83f6e,collatz,bit,0.21,2408448,275380,6,915148616,2578752241
2026-09-18T18:28:47Z,14c83f6e,collatz,c,0.09,1884160,33432,0,410997520,930457750
2026-09-18T18:28:47Z,14c83f6e,collatz,go,0.14,4800512,2430226,196,626016671,935257087
2026-09-18T18:28:47Z,14c83f6e,alloc,bit,0.22,6750208,275794,10006006,974507538,7600177934
2026-09-18T18:28:47Z,14c83f6e,alloc,c,0.11,2129920,33512,10004000,463662247,3606788306
2026-09-18T18:28:47Z,14c83f6e,alloc,go,0.08,11452416,2446850,10002308,390377410,2151405856
2026-09-18T18:28:47Z,14c83f6e,allocflat,bit,0.06,6356992,275718,4006,255393548,1604111326
2026-09-18T18:28:47Z,14c83f6e,allocflat,c,0.00,1998848,33512,2000,17912704,59311270
2026-09-18T18:28:47Z,14c83f6e,allocflat,go,0.01,12189696,2430290,2306,117421099,403287889
2026-09-18T18:28:47Z,14c83f6e,strings,bit,0.22,141164544,277316,7125035,953116702,7102631752
2026-09-18T18:28:47Z,14c83f6e,strings,c,0.02,32538624,33640,11,108662289,643382264
2026-09-18T18:28:47Z,14c83f6e,strings,go,0.06,88457216,2446738,343,364171190,1698202964
2026-09-18T18:28:47Z,14c83f6e,map,bit,0.07,38469632,298352,14,318192976,748477404
2026-09-18T18:28:47Z,14c83f6e,map,c,0.04,203227136,33544,1,174455409,229121103
2026-09-18T18:28:47Z,14c83f6e,map,go,0.09,43925504,2447122,4379,396453623,693454325
2026-09-18T18:28:47Z,14c83f6e,strmap,bit,0.30,37715968,316819,400041,1300646303,6398335284
2026-09-18T18:28:47Z,14c83f6e,strmap,c,0.06,43155456,33544,400003,252006761,534097270
2026-09-18T18:28:47Z,14c83f6e,strmap,go,0.15,32653312,2447122,400807,675196012,2223214166
2026-09-18T18:28:47Z,14c83f6e,sort,bit,0.07,26689536,278593,600022,308260228,1850867582
2026-09-18T18:28:47Z,14c83f6e,sort,c,0.06,11943936,33656,150002,275064326,503628439
2026-09-18T18:28:47Z,14c83f6e,sort,go,0.08,15908864,2465202,150286,356731812,942973048
2026-09-18T18:28:47Z,14c83f6e,matrix,bit,0.32,8912896,275811,16,1379956136,12279431939
2026-09-18T18:28:47Z,14c83f6e,matrix,c,0.09,8192000,33560,3,398414512,1656139726
2026-09-18T18:28:47Z,14c83f6e,matrix,go,0.22,11845632,2430226,285,951494980,7323590981
2026-09-18T18:28:47Z,14c83f6e,json,bit,0.26,134692864,354625,3750060,1146163924,7716055909
2026-09-18T18:28:47Z,14c83f6e,json,c,0.05,131629056,34056,2250021,223188089,1339774368
2026-09-18T18:28:47Z,14c83f6e,json,go,0.07,58605568,3767122,1050001,336679898,2135239835
2026-09-18T22:59:28Z,2bef5d2c,fib,bit,0.24,2277376,275456,6,1018553500,5962473995
2026-09-18T22:59:28Z,2bef5d2c,fib,c,0.15,1867776,33448,0,634606475,3146654279
2026-09-18T22:59:28Z,2bef5d2c,fib,go,0.22,4800512,2430258,196,944021788,5136982502
2026-09-18T22:59:28Z,2bef5d2c,mandelbrot,bit,0.49,2277376,275527,6,2131016896,4788408776
2026-09-18T22:59:28Z,2bef5d2c,mandelbrot,c,0.37,1884160,33440,0,1604021725,2698682120
2026-09-18T22:59:28Z,2bef5d2c,mandelbrot,go,0.37,4898816,2430274,196,1636731686,2506353077
2026-09-18T22:59:28Z,2bef5d2c,collatz,bit,0.20,2408448,275540,6,917554970,2578829491
2026-09-18T22:59:28Z,2bef5d2c,collatz,c,0.09,1884160,33432,0,410940649,930473414
2026-09-18T22:59:28Z,2bef5d2c,collatz,go,0.13,4816896,2430226,196,625830421,935368293
2026-09-18T22:59:28Z,2bef5d2c,alloc,bit,0.22,6766592,275954,10006006,970819607,7600376913
2026-09-18T22:59:28Z,2bef5d2c,alloc,c,0.10,2129920,33512,10004000,461990788,3606795079
2026-09-18T22:59:28Z,2bef5d2c,alloc,go,0.08,11124736,2446850,10002301,387263930,2157400929
2026-09-18T22:59:28Z,2bef5d2c,allocflat,bit,0.06,6373376,275894,4006,258349108,1604558301
2026-09-18T22:59:28Z,2bef5d2c,allocflat,c,0.00,1998848,33512,2000,17870809,59278421
2026-09-18T22:59:28Z,2bef5d2c,allocflat,go,0.02,12156928,2430290,2299,114086559,404394012
2026-09-18T22:59:28Z,2bef5d2c,strings,bit,0.22,141164544,277476,7125035,964771133,7103789454
2026-09-18T22:59:28Z,2bef5d2c,strings,c,0.02,32522240,33640,11,109206770,643419325
2026-09-18T22:59:28Z,2bef5d2c,strings,go,0.06,88375296,2446738,340,369617361,1706744103
2026-09-18T22:59:28Z,2bef5d2c,map,bit,0.08,38469632,298512,14,336364776,748719805
2026-09-18T22:59:28Z,2bef5d2c,map,c,0.04,203227136,33544,1,179869369,229574635
2026-09-18T22:59:28Z,2bef5d2c,map,go,0.09,43909120,2447122,4379,409001548,693718375
2026-09-18T22:59:28Z,2bef5d2c,strmap,bit,0.30,37683200,316979,400041,1300249216,6390254550
2026-09-18T22:59:28Z,2bef5d2c,strmap,c,0.06,43155456,33544,400003,251486278,534260098
2026-09-18T22:59:28Z,2bef5d2c,strmap,go,0.15,32473088,2447122,400811,673199606,2193136568
2026-09-18T22:59:28Z,2bef5d2c,sort,bit,0.07,26689536,278753,600022,301340710,1850996173
2026-09-18T22:59:28Z,2bef5d2c,sort,c,0.06,11943936,33656,150002,278920167,503640534
2026-09-18T22:59:28Z,2bef5d2c,sort,go,0.08,15908864,2465202,150280,357260452,943059958
2026-09-18T22:59:28Z,2bef5d2c,matrix,bit,0.32,8929280,275971,16,1379443244,12279422083
2026-09-18T22:59:28Z,2bef5d2c,matrix,c,0.09,8192000,33560,3,398476419,1656118398
2026-09-18T22:59:28Z,2bef5d2c,matrix,go,0.22,11911168,2430226,279,951798253,7323693369
2026-09-18T22:59:28Z,2bef5d2c,json,bit,0.27,134692864,354801,3750060,1153771239,7716906806
2026-09-18T22:59:28Z,2bef5d2c,json,c,0.05,131612672,34056,2250021,227357912,1340101533
2026-09-18T22:59:28Z,2bef5d2c,json,go,0.07,59228160,3767122,1049994,341456805,2141475377
2026-09-19T20:52:51Z,86a5e862,fib,bit,0.24,2277376,276064,6,1023785019,5962770551
2026-09-19T20:52:51Z,86a5e862,fib,c,0.15,1867776,33448,0,636554106,3146569725
2026-09-19T20:52:51Z,86a5e862,fib,go,0.22,4800512,2430258,202,938357725,5137068932
2026-09-19T20:52:51Z,86a5e862,mandelbrot,bit,0.49,2310144,276135,6,2130839257,4789028969
2026-09-19T20:52:51Z,86a5e862,mandelbrot,c,0.37,1884160,33440,0,1604740135,2698817767
2026-09-19T20:52:51Z,86a5e862,mandelbrot,go,0.38,4833280,2430274,196,1638482589,2506730035
2026-09-19T20:52:51Z,86a5e862,collatz,bit,0.20,2424832,276148,6,917610210,2579059105
2026-09-19T20:52:51Z,86a5e862,collatz,c,0.09,1884160,33432,0,411244555,930550459
2026-09-19T20:52:51Z,86a5e862,collatz,go,0.13,4849664,2430226,196,624695683,935567181
2026-09-19T20:52:51Z,86a5e862,alloc,bit,0.23,6782976,276562,10006006,983706140,7601491652
2026-09-19T20:52:51Z,86a5e862,alloc,c,0.11,2129920,33512,10004000,464535004,3606742220
2026-09-19T20:52:51Z,86a5e862,alloc,go,0.08,11354112,2446850,10002316,395244663,2157037675
2026-09-19T20:52:51Z,86a5e862,allocflat,bit,0.06,6389760,276502,4006,256235220,1604392817
2026-09-19T20:52:51Z,86a5e862,allocflat,c,0.00,1998848,33512,2000,18214528,59246063
2026-09-19T20:52:51Z,86a5e862,allocflat,go,0.01,11960320,2430290,2315,121769851,406977942
2026-09-19T20:52:51Z,86a5e862,strings,bit,0.22,141180928,278084,7125035,956197420,7103406613
2026-09-19T20:52:51Z,86a5e862,strings,c,0.02,32522240,33640,11,108970011,643372898
2026-09-19T20:52:51Z,86a5e862,strings,go,0.06,88440832,2446738,341,381249345,1720481766
2026-09-19T20:52:51Z,86a5e862,map,bit,0.07,38486016,299120,14,335806249,748698992
2026-09-19T20:52:51Z,86a5e862,map,c,0.04,203227136,33544,1,179412027,229226756
2026-09-19T20:52:51Z,86a5e862,map,go,0.09,43925504,2447122,4379,420927544,693856174
2026-09-19T20:52:51Z,86a5e862,strmap,bit,0.30,41222144,317587,400041,1282617043,6216832089
2026-09-19T20:52:51Z,86a5e862,strmap,c,0.06,43155456,33544,400003,256931333,534167357
2026-09-19T20:52:51Z,86a5e862,strmap,go,0.15,32604160,2447122,400804,683086223,2212778660
2026-09-19T20:52:51Z,86a5e862,sort,bit,0.07,27099136,279361,600022,295275706,1791424254
2026-09-19T20:52:51Z,86a5e862,sort,c,0.06,11943936,33656,150002,277874791,503647337
2026-09-19T20:52:51Z,86a5e862,sort,go,0.08,15925248,2465202,150286,358617761,943074462
2026-09-19T20:52:51Z,86a5e862,matrix,bit,0.32,8945664,276579,16,1381214119,12279896134
2026-09-19T20:52:51Z,86a5e862,matrix,c,0.09,8192000,33560,3,397941209,1656131325
2026-09-19T20:52:51Z,86a5e862,matrix,go,0.22,11894784,2430226,279,951023908,7323924806
2026-09-19T20:52:51Z,86a5e862,json,bit,0.20,135036928,355441,3750060,880954517,5876997492
2026-09-19T20:52:51Z,86a5e862,json,c,0.05,131612672,34056,2250021,227407960,1339848566
2026-09-19T20:52:51Z,86a5e862,json,go,0.07,59342848,3767122,1049987,342322857,2133471102
2026-09-21T13:37:58Z,8810fc24e,fib,bit,0.23,2293760,276080,6,1011442329,5962437059
2026-09-21T13:37:58Z,8810fc24e,fib,c,0.14,1867776,33448,0,634540935,3146529529
2026-09-21T13:37:58Z,8810fc24e,fib,go,0.22,4800512,2430258,202,936254624,5136911825
2026-09-21T13:37:58Z,8810fc24e,mandelbrot,bit,0.48,2310144,276151,6,2133479598,4788775727
2026-09-21T13:37:58Z,8810fc24e,mandelbrot,c,0.36,1884160,33440,0,1605886381,2698997376
2026-09-21T13:37:58Z,8810fc24e,mandelbrot,go,0.37,4816896,2430274,196,1638761762,2506610147
2026-09-21T13:37:58Z,8810fc24e,collatz,bit,0.20,2424832,276164,6,918201312,2579015663
2026-09-21T13:37:58Z,8810fc24e,collatz,c,0.09,1884160,33432,0,411471398,930552116
2026-09-21T13:37:58Z,8810fc24e,collatz,go,0.14,4816896,2430226,196,626730088,935609583
2026-09-21T13:37:58Z,8810fc24e,alloc,bit,0.22,6782976,276578,10006006,977163207,7611190404
2026-09-21T13:37:58Z,8810fc24e,alloc,c,0.11,2129920,33512,10004000,469248243,3606872716
2026-09-21T13:37:58Z,8810fc24e,alloc,go,0.08,11206656,2446850,10002303,389468330,2157712475
2026-09-21T13:37:58Z,8810fc24e,allocflat,bit,0.06,6389760,276502,4006,253167224,1603742178
2026-09-21T13:37:58Z,8810fc24e,allocflat,c,0.00,1998848,33512,2000,17751448,59252637
2026-09-21T13:37:58Z,8810fc24e,allocflat,go,0.01,12107776,2430290,2299,113438518,402608422
2026-09-21T13:37:58Z,8810fc24e,strings,bit,0.22,141180928,278100,7125035,951141361,7110046737
2026-09-21T13:37:58Z,8810fc24e,strings,c,0.02,32522240,33640,11,109352044,643353089
2026-09-21T13:37:58Z,8810fc24e,strings,go,0.06,79462400,2446738,340,373971685,1720172462
2026-09-21T13:37:58Z,8810fc24e,map,bit,0.07,38486016,299136,14,310596466,748626578
2026-09-21T13:37:58Z,8810fc24e,map,c,0.04,203227136,33544,1,179024436,229105044
2026-09-21T13:37:58Z,8810fc24e,map,go,0.08,43925504,2447122,4381,384934033,693632536
2026-09-21T13:37:58Z,8810fc24e,strmap,bit,0.30,41222144,317587,400041,1284049602,6213812253
2026-09-21T13:37:58Z,8810fc24e,strmap,c,0.06,43155456,33544,400003,256441406,534127843
2026-09-21T13:37:58Z,8810fc24e,strmap,go,0.15,32702464,2447122,400804,683027207,2236943850
2026-09-21T13:37:58Z,8810fc24e,sort,bit,0.07,27099136,279361,600022,299040741,1791926526
2026-09-21T13:37:58Z,8810fc24e,sort,c,0.06,11943936,33656,150002,276937157,503612010
2026-09-21T13:37:58Z,8810fc24e,sort,go,0.08,15925248,2465202,150286,356048833,943048070
2026-09-21T13:37:58Z,8810fc24e,matrix,bit,0.32,8945664,276595,16,1380701279,12279636271
2026-09-21T13:37:58Z,8810fc24e,matrix,c,0.09,8192000,33560,3,398234355,1656126619
2026-09-21T13:37:58Z,8810fc24e,matrix,go,0.22,11862016,2430226,285,952438669,7323829674
2026-09-21T13:37:58Z,8810fc24e,json,bit,0.20,135036928,355441,3750060,888582278,5879190602
2026-09-21T13:37:58Z,8810fc24e,json,c,0.05,131629056,34056,2250021,229384162,1339769641
2026-09-21T13:37:58Z,8810fc24e,json,go,0.07,57737216,3767122,1049992,338552199,2132024912
2026-09-21T20:45:12Z,89ae0a693,fib,bit,0.23,2293760,276080,6,991354594,5962448151
2026-09-21T20:45:12Z,89ae0a693,fib,c,0.14,1867776,33448,0,634794264,3146618511
2026-09-21T20:45:12Z,89ae0a693,fib,go,0.22,4833280,2430258,196,942910204,5136891265
2026-09-21T20:45:12Z,89ae0a693,mandelbrot,bit,0.48,2310144,276151,6,2133053393,4788389220
2026-09-21T20:45:12Z,89ae0a693,mandelbrot,c,0.36,1884160,33440,0,1605239287,2698739183
2026-09-21T20:45:12Z,89ae0a693,mandelbrot,go,0.36,4833280,2430274,196,1638056451,2506264695
2026-09-21T20:45:12Z,89ae0a693,collatz,bit,0.20,2424832,276164,6,922240282,2578855800
2026-09-21T20:45:12Z,89ae0a693,collatz,c,0.09,1884160,33432,0,411262762,930484806
2026-09-21T20:45:12Z,89ae0a693,collatz,go,0.14,4816896,2430226,196,626511547,935388497
2026-09-21T20:45:12Z,89ae0a693,alloc,bit,0.22,6782976,276578,10006006,978745990,7611171953
2026-09-21T20:45:12Z,89ae0a693,alloc,c,0.11,2129920,33512,10004000,461916556,3606781353
2026-09-21T20:45:12Z,89ae0a693,alloc,go,0.08,11337728,2446850,10002304,390620938,2154888588
2026-09-21T20:45:12Z,89ae0a693,allocflat,bit,0.06,6389760,276502,4006,253861373,1604449185
2026-09-21T20:45:12Z,89ae0a693,allocflat,c,0.00,1998848,33512,2000,18013732,59288245
2026-09-21T20:45:12Z,89ae0a693,allocflat,go,0.01,12271616,2430290,2297,116888653,402937290
2026-09-21T20:45:12Z,89ae0a693,strings,bit,0.22,141180928,278100,7125035,954288476,7109782106
2026-09-21T20:45:12Z,89ae0a693,strings,c,0.02,32522240,33640,11,109389376,643358978
2026-09-21T20:45:12Z,89ae0a693,strings,go,0.05,73809920,2446738,337,374242101,1719088576
2026-09-21T20:45:12Z,89ae0a693,map,bit,0.08,38486016,299136,14,327239784,748619324
2026-09-21T20:45:12Z,89ae0a693,map,c,0.04,203227136,33544,1,176704704,229438942
2026-09-21T20:45:12Z,89ae0a693,map,go,0.10,43925504,2447122,4379,416247408,693421406
2026-09-21T20:45:12Z,89ae0a693,strmap,bit,0.30,41222144,317587,400041,1276462855,6223125313
2026-09-21T20:45:12Z,89ae0a693,strmap,c,0.06,43155456,33544,400003,254772377,534272805
2026-09-21T20:45:12Z,89ae0a693,strmap,go,0.15,32653312,2447122,400810,673918026,2217688865
2026-09-21T20:45:12Z,89ae0a693,sort,bit,0.07,27099136,279361,600022,299937277,1791979020
2026-09-21T20:45:12Z,89ae0a693,sort,c,0.06,11943936,33656,150002,272558314,503623173
2026-09-21T20:45:12Z,89ae0a693,sort,go,0.08,15908864,2465202,150286,355109354,942979188
2026-09-21T20:45:12Z,89ae0a693,matrix,bit,0.32,8945664,276595,16,1380186023,12279433762
2026-09-21T20:45:12Z,89ae0a693,matrix,c,0.09,8192000,33560,3,398622077,1656139261
2026-09-21T20:45:12Z,89ae0a693,matrix,go,0.22,11878400,2430226,285,952845065,7323778791
2026-09-21T20:45:12Z,89ae0a693,json,bit,0.20,135020544,355441,3750060,882382708,5881425210
2026-09-21T20:45:12Z,89ae0a693,json,c,0.05,131629056,34056,2250021,226432330,1339791242
2026-09-21T20:45:12Z,89ae0a693,json,go,0.07,60981248,3767122,1049995,337802172,2139260060
2026-09-22T01:56:31Z,caca2c042,fib,bit,0.23,2326528,276656,6,1021084815,5962708905
2026-09-22T01:56:31Z,caca2c042,fib,c,0.15,1867776,33448,0,639702865,3146835976
2026-09-22T01:56:31Z,caca2c042,fib,go,0.22,4784128,2430258,196,956742557,5137097947
2026-09-22T01:56:31Z,caca2c042,mandelbrot,bit,0.49,2326528,276775,6,2134865989,4788739496
2026-09-22T01:56:31Z,caca2c042,mandelbrot,c,0.37,1884160,33440,0,1606665446,2698915828
2026-09-22T01:56:31Z,caca2c042,mandelbrot,go,0.38,4800512,2430274,196,1639277718,2506344444
2026-09-22T01:56:31Z,caca2c042,collatz,bit,0.20,2457600,276772,6,921061227,2578954221
2026-09-22T01:56:31Z,caca2c042,collatz,c,0.09,1884160,33432,0,411651915,930549935
2026-09-22T01:56:31Z,caca2c042,collatz,go,0.14,4816896,2430226,202,626501243,935595100
2026-09-22T01:56:31Z,caca2c042,alloc,bit,0.23,6799360,277186,10006006,984436985,7611486042
2026-09-22T01:56:31Z,caca2c042,alloc,c,0.10,2129920,33512,10004000,460905413,3606741204
2026-09-22T01:56:31Z,caca2c042,alloc,go,0.08,11354112,2446850,10002316,389469783,2147645773
2026-09-22T01:56:31Z,caca2c042,allocflat,bit,0.06,6406144,277126,4006,255774314,1604230094
2026-09-22T01:56:31Z,caca2c042,allocflat,c,0.00,1998848,33512,2000,18116206,59271326
2026-09-22T01:56:31Z,caca2c042,allocflat,go,0.01,12189696,2430290,2301,113502656,402992142
2026-09-22T01:56:31Z,caca2c042,allocpar,bit,0.65,13910016,280485,10006053,21679658023,43719877681
2026-09-22T01:56:31Z,caca2c042,allocpar,c,0.06,3932160,33784,10004000,2096589537,3618278550
2026-09-22T01:56:31Z,caca2c042,allocpar,go,0.06,18759680,2447570,10002411,1277393810,4590327012
2026-09-22T01:56:31Z,caca2c042,strings,bit,0.22,141180928,278692,7125035,958043967,7109913641
2026-09-22T01:56:31Z,caca2c042,strings,c,0.02,32538624,33640,11,109807197,643323540
2026-09-22T01:56:31Z,caca2c042,strings,go,0.06,88195072,2446738,340,357431622,1674942079
2026-09-22T01:56:31Z,caca2c042,map,bit,0.07,38486016,299728,14,310799070,748647593
2026-09-22T01:56:31Z,caca2c042,map,c,0.04,203227136,33544,1,181179939,229316786
2026-09-22T01:56:31Z,caca2c042,map,go,0.09,43909120,2447122,4380,408498487,693913386
2026-09-22T01:56:31Z,caca2c042,strmap,bit,0.29,41222144,318211,400041,1275278343,6216124660
2026-09-22T01:56:31Z,caca2c042,strmap,c,0.06,43155456,33544,400003,249855271,534128714
2026-09-22T01:56:31Z,caca2c042,strmap,go,0.15,32702464,2447122,400798,680726109,2231046498
2026-09-22T01:56:31Z,caca2c042,sort,bit,0.07,27099136,279953,600022,293879959,1791935716
2026-09-22T01:56:31Z,caca2c042,sort,c,0.06,11943936,33656,150002,279163645,503638381
2026-09-22T01:56:31Z,caca2c042,sort,go,0.08,15941632,2465202,150280,356778104,943051219
2026-09-22T01:56:31Z,caca2c042,matrix,bit,0.32,8945664,277203,16,1383515946,12280243756
2026-09-22T01:56:31Z,caca2c042,matrix,c,0.09,8192000,33560,3,399478584,1656328432
2026-09-22T01:56:31Z,caca2c042,matrix,go,0.22,11927552,2430226,279,956489816,7324230832
2026-09-22T01:56:31Z,caca2c042,json,bit,0.20,135036928,356033,3750060,885717733,5880247020
2026-09-22T01:56:31Z,caca2c042,json,c,0.05,131629056,34056,2250021,227789303,1339704711
2026-09-22T01:56:31Z,caca2c042,json,go,0.07,59473920,3767122,1049996,340246042,2137422442
2026-09-22T06:27:35Z,2ff3f17d2,fib,bit,0.23,2326528,276656,6,1024356796,5962704237
2026-09-22T06:27:35Z,2ff3f17d2,fib,c,0.14,1867776,33448,0,635525029,3146697475
2026-09-22T06:27:35Z,2ff3f17d2,fib,go,0.22,4800512,2430258,196,953841378,5137172196
2026-09-22T06:27:35Z,2ff3f17d2,mandelbrot,bit,0.49,2326528,276775,6,2135171610,4789035198
2026-09-22T06:27:35Z,2ff3f17d2,mandelbrot,c,0.36,1884160,33440,0,1607226512,2699167870
2026-09-22T06:27:35Z,2ff3f17d2,mandelbrot,go,0.37,4800512,2430274,196,1640215364,2506660731
2026-09-22T06:27:35Z,2ff3f17d2,collatz,bit,0.20,2457600,276772,6,921866768,2579163639
2026-09-22T06:27:35Z,2ff3f17d2,collatz,c,0.09,1884160,33432,0,412311466,930614073
2026-09-22T06:27:35Z,2ff3f17d2,collatz,go,0.14,4816896,2430226,196,628023271,935675517
2026-09-22T06:27:35Z,2ff3f17d2,alloc,bit,0.23,6799360,277186,10006006,991078261,7611883331
2026-09-22T06:27:35Z,2ff3f17d2,alloc,c,0.11,2129920,33512,10004000,467349196,3606959169
2026-09-22T06:27:35Z,2ff3f17d2,alloc,go,0.08,11517952,2446850,10002304,393925737,2158637290
2026-09-22T06:27:35Z,2ff3f17d2,allocflat,bit,0.06,6406144,277126,4006,257804528,1603921776
2026-09-22T06:27:35Z,2ff3f17d2,allocflat,c,0.00,1998848,33512,2000,18602268,59280026
2026-09-22T06:27:35Z,2ff3f17d2,allocflat,go,0.01,11665408,2430290,2301,123880934,406762371
2026-09-22T06:27:35Z,2ff3f17d2,allocpar,bit,1.04,13697024,280485,10006053,21552036519,43589588775
2026-09-22T06:27:35Z,2ff3f17d2,allocpar,c,0.06,3932160,33784,10004000,2097844913,3619652778
2026-09-22T06:27:35Z,2ff3f17d2,allocpar,go,0.06,18759680,2447570,10002417,1260197333,4582937429
2026-09-22T06:27:35Z,2ff3f17d2,strings,bit,0.22,141180928,278692,7125035,948805725,7107369852
2026-09-22T06:27:35Z,2ff3f17d2,strings,c,0.02,32522240,33640,11,109476608,643266208
2026-09-22T06:27:35Z,2ff3f17d2,strings,go,0.05,73826304,2446738,341,372802130,1720694586
2026-09-22T06:27:35Z,2ff3f17d2,map,bit,0.07,38486016,299728,14,303056207,748449763
2026-09-22T06:27:35Z,2ff3f17d2,map,c,0.04,203227136,33544,1,170518323,228223188
2026-09-22T06:27:35Z,2ff3f17d2,map,go,0.09,43925504,2447122,4379,382220293,693329068
2026-09-22T06:27:35Z,2ff3f17d2,strmap,bit,0.29,41222144,318211,400041,1279057603,6212939258
2026-09-22T06:27:35Z,2ff3f17d2,strmap,c,0.06,43155456,33544,400003,249781817,534237799
2026-09-22T06:27:35Z,2ff3f17d2,strmap,go,0.15,32751616,2447122,400823,679197748,2231345121
2026-09-22T06:27:35Z,2ff3f17d2,sort,bit,0.07,27099136,279953,600022,296949926,1792009036
2026-09-22T06:27:35Z,2ff3f17d2,sort,c,0.06,11943936,33656,150002,280275687,503707234
2026-09-22T06:27:35Z,2ff3f17d2,sort,go,0.08,15925248,2465202,150286,357646375,943084382
2026-09-22T06:27:35Z,2ff3f17d2,matrix,bit,0.31,8945664,277203,16,1381672008,12279897873
2026-09-22T06:27:35Z,2ff3f17d2,matrix,c,0.09,8192000,33560,3,398249271,1656234601
2026-09-22T06:27:35Z,2ff3f17d2,matrix,go,0.22,11911168,2430226,279,952133460,7323955483
2026-09-22T06:27:35Z,2ff3f17d2,json,bit,0.21,135036928,356033,3750060,892162699,5881471972
2026-09-22T06:27:35Z,2ff3f17d2,json,c,0.05,131629056,34056,2250021,230362479,1339656467
2026-09-22T06:27:35Z,2ff3f17d2,json,go,0.07,61095936,3767122,1050007,341323254,2137431666
2026-09-22T23:19:17Z,b7616d1e6,fib,bit,0.24,2326528,277200,6,1014719669,5962689524
2026-09-22T23:19:17Z,b7616d1e6,fib,c,0.14,1867776,33448,0,634240427,3146701745
2026-09-22T23:19:17Z,b7616d1e6,fib,go,0.21,4833280,2430258,197,932164986,5137130976
2026-09-22T23:19:17Z,b7616d1e6,mandelbrot,bit,0.47,2310144,277271,6,2133193849,4788345611
2026-09-22T23:19:17Z,b7616d1e6,mandelbrot,c,0.35,1884160,33440,0,1604986722,2698659502
2026-09-22T23:19:17Z,b7616d1e6,mandelbrot,go,0.36,4833280,2430274,197,1637914956,2506227537
2026-09-22T23:19:17Z,b7616d1e6,collatz,bit,0.21,2441216,277284,6,919265499,2578803427
2026-09-22T23:19:17Z,b7616d1e6,collatz,c,0.09,1884160,33432,0,411147693,930461763
2026-09-22T23:19:17Z,b7616d1e6,collatz,go,0.14,4816896,2430226,197,626486098,935357833
2026-09-22T23:19:17Z,b7616d1e6,alloc,bit,0.22,6799360,277698,10006006,985386144,7611660451
2026-09-22T23:19:17Z,b7616d1e6,alloc,c,0.10,2129920,33512,10004000,457773614,3606830029
2026-09-22T23:19:17Z,b7616d1e6,alloc,go,0.07,11419648,2446850,10002300,386837609,2157320901
2026-09-22T23:19:17Z,b7616d1e6,allocflat,bit,0.06,6389760,277622,4006,253197245,1604563020
2026-09-22T23:19:17Z,b7616d1e6,allocflat,c,0.00,1998848,33512,2000,17867309,59286757
2026-09-22T23:19:17Z,b7616d1e6,allocflat,go,0.01,11747328,2430290,2300,112575947,402294709
2026-09-22T23:19:17Z,b7616d1e6,allocpar,bit,0.67,14647296,297541,10006053,22431006751,44498196592
2026-09-22T23:19:17Z,b7616d1e6,allocpar,c,0.06,3866624,33784,10004000,2128535438,3619704636
2026-09-22T23:19:17Z,b7616d1e6,allocpar,go,0.06,19136512,2447570,10002429,1265297617,4583871096
2026-09-22T23:19:17Z,b7616d1e6,strings,bit,0.22,141164544,279188,7125035,956504051,7109943791
2026-09-22T23:19:17Z,b7616d1e6,strings,c,0.02,32538624,33640,11,109100238,643315544
2026-09-22T23:19:17Z,b7616d1e6,strings,go,0.06,88211456,2446738,338,382433452,1739256272
2026-09-22T23:19:17Z,b7616d1e6,map,bit,0.06,38486016,316736,14,295190045,748573409
2026-09-22T23:19:17Z,b7616d1e6,map,c,0.04,203227136,33544,1,174656511,229238466
2026-09-22T23:19:17Z,b7616d1e6,map,go,0.08,43958272,2447122,4381,369123020,693409291
2026-09-22T23:19:17Z,b7616d1e6,strmap,bit,0.29,41222144,318707,400041,1276195930,6210847093
2026-09-22T23:19:17Z,b7616d1e6,strmap,c,0.05,43155456,33544,400003,248991722,534179832
2026-09-22T23:19:17Z,b7616d1e6,strmap,go,0.15,32718848,2447122,400799,677912778,2225615216
2026-09-22T23:19:17Z,b7616d1e6,sort,bit,0.06,27099136,280449,600022,295384341,1791922176
2026-09-22T23:19:17Z,b7616d1e6,sort,c,0.06,11943936,33656,150002,278973753,503633288
2026-09-22T23:19:17Z,b7616d1e6,sort,go,0.08,15958016,2465202,150287,356799710,943035113
2026-09-22T23:19:17Z,b7616d1e6,matrix,bit,0.32,8945664,277699,16,1380912295,12279592062
2026-09-22T23:19:17Z,b7616d1e6,matrix,c,0.09,8192000,33560,3,398176132,1656171314
2026-09-22T23:19:17Z,b7616d1e6,matrix,go,0.22,11943936,2430226,287,951627591,7323714046
2026-09-22T23:19:17Z,b7616d1e6,json,bit,0.20,135036928,373041,3750060,879513098,5879308470
2026-09-22T23:19:17Z,b7616d1e6,json,c,0.05,131629056,34056,2250021,226815126,1339709457
2026-09-22T23:19:17Z,b7616d1e6,json,go,0.07,59342848,3767122,1049995,335534108,2134281254
2026-09-23T02:15:39Z,105204908,fib,bit,0.23,2310144,277552,6,1014724423,5962425367
2026-09-23T02:15:39Z,105204908,fib,c,0.14,1867776,33448,0,636833725,3146629483
2026-09-23T02:15:39Z,105204908,fib,go,0.22,4784128,2430258,196,945988388,5137064906
2026-09-23T02:15:39Z,105204908,mandelbrot,bit,0.47,2310144,277623,6,2133465834,4788430930
2026-09-23T02:15:39Z,105204908,mandelbrot,c,0.35,1884160,33440,0,1605711171,2698713742
2026-09-23T02:15:39Z,105204908,mandelbrot,go,0.36,4833280,2430274,196,1638389773,2506394598
2026-09-23T02:15:39Z,105204908,collatz,bit,0.20,2441216,277636,6,920290976,2578854663
2026-09-23T02:15:39Z,105204908,collatz,c,0.09,1884160,33432,0,411347393,930511845
2026-09-23T02:15:39Z,105204908,collatz,go,0.13,4816896,2430226,196,626296436,935424733
2026-09-23T02:15:39Z,105204908,alloc,bit,0.22,6799360,278050,10006006,979070321,7611965342
2026-09-23T02:15:39Z,105204908,alloc,c,0.10,2129920,33512,10004000,461331166,3606843843
2026-09-23T02:15:39Z,105204908,alloc,go,0.07,11255808,2446850,10002307,389614916,2160426473
2026-09-23T02:15:39Z,105204908,allocflat,bit,0.06,6406144,277974,4006,254365918,1604690056
2026-09-23T02:15:39Z,105204908,allocflat,c,0.00,1998848,33512,2000,17944928,59292665
2026-09-23T02:15:39Z,105204908,allocflat,go,0.02,12255232,2430290,2297,115107677,404598520
2026-09-23T02:15:39Z,105204908,allocpar,bit,0.56,12763136,297893,10006053,11959524056,13363896999
2026-09-23T02:15:39Z,105204908,allocpar,c,0.06,3964928,33784,10004000,2131303087,3620688744
2026-09-23T02:15:39Z,105204908,allocpar,go,0.06,18808832,2447570,10002430,1268334571,4581181934
2026-09-23T02:15:39Z,105204908,strings,bit,0.22,141164544,279540,7125035,952901183,7109382905
2026-09-23T02:15:39Z,105204908,strings,c,0.02,32522240,33640,11,109248006,643305930
2026-09-23T02:15:39Z,105204908,strings,go,0.06,88375296,2446738,333,355030579,1677827171
2026-09-23T02:15:39Z,105204908,map,bit,0.06,38486016,317088,14,301724215,748515675
2026-09-23T02:15:39Z,105204908,map,c,0.04,203227136,33544,1,177115319,228970727
2026-09-23T02:15:39Z,105204908,map,go,0.08,43925504,2447122,4379,374690512,693472894
2026-09-23T02:15:39Z,105204908,strmap,bit,0.29,41222144,319075,400041,1274504531,6216654526
2026-09-23T02:15:39Z,105204908,strmap,c,0.05,43155456,33544,400003,250423374,534165543
2026-09-23T02:15:39Z,105204908,strmap,go,0.15,32669696,2447122,400792,678507316,2224624240
2026-09-23T02:15:39Z,105204908,sort,bit,0.07,27099136,297313,600022,297333113,1791899877
2026-09-23T02:15:39Z,105204908,sort,c,0.06,11943936,33656,150002,276260830,503616301
2026-09-23T02:15:39Z,105204908,sort,go,0.08,15925248,2465202,150286,356136801,943044827
2026-09-23T02:15:39Z,105204908,matrix,bit,0.32,8962048,278067,16,1381611506,12279662657
2026-09-23T02:15:39Z,105204908,matrix,c,0.09,8192000,33560,3,398406729,1656160931
2026-09-23T02:15:39Z,105204908,matrix,go,0.22,11911168,2430226,279,951532510,7323862957
2026-09-23T02:15:39Z,105204908,json,bit,0.20,135053312,373409,3750060,885639130,5877820660
2026-09-23T02:15:39Z,105204908,json,c,0.05,131629056,34056,2250021,227328937,1339744235
2026-09-23T02:15:39Z,105204908,json,go,0.07,59195392,3767122,1049988,337300089,2137705315
2026-09-23T15:15:41Z,1b1c2bc50,fib,bit,0.24,2310144,277552,6,1008463530,5962550715
2026-09-23T15:15:41Z,1b1c2bc50,fib,c,0.15,1867776,33448,0,632322169,3146682518
2026-09-23T15:15:41Z,1b1c2bc50,fib,go,0.22,4800512,2430258,202,947919453,5137092393
2026-09-23T15:15:41Z,1b1c2bc50,mandelbrot,bit,0.49,2310144,277623,6,2133837322,4788546634
2026-09-23T15:15:41Z,1b1c2bc50,mandelbrot,c,0.36,1884160,33440,0,1605895132,2698823484
2026-09-23T15:15:41Z,1b1c2bc50,mandelbrot,go,0.37,4816896,2430274,196,1638441946,2506383702
2026-09-23T15:15:41Z,1b1c2bc50,collatz,bit,0.21,2441216,277636,6,917755679,2578754743
2026-09-23T15:15:41Z,1b1c2bc50,collatz,c,0.09,1884160,33432,0,411106102,930449640
2026-09-23T15:15:41Z,1b1c2bc50,collatz,go,0.14,4816896,2430226,196,626325536,935343463
2026-09-23T15:15:41Z,1b1c2bc50,alloc,bit,0.23,6799360,278050,10006006,989904247,7612102157
2026-09-23T15:15:41Z,1b1c2bc50,alloc,c,0.11,2129920,33512,10004000,469243302,3606811576
2026-09-23T15:15:41Z,1b1c2bc50,alloc,go,0.08,11304960,2446850,10002325,389838250,2152306491
2026-09-23T15:15:41Z,1b1c2bc50,allocflat,bit,0.06,6406144,277974,4006,256937567,1604460390
2026-09-23T15:15:41Z,1b1c2bc50,allocflat,c,0.00,1998848,33512,2000,18221846,59281033
2026-09-23T15:15:41Z,1b1c2bc50,allocflat,go,0.01,12632064,2430290,2303,119037637,405002638
2026-09-23T15:15:41Z,1b1c2bc50,allocpar,bit,0.56,12910592,297893,10006053,11957826871,13332563612
2026-09-23T15:15:41Z,1b1c2bc50,allocpar,c,0.06,3850240,33784,10004000,2156627562,3620883012
2026-09-23T15:15:41Z,1b1c2bc50,allocpar,go,0.06,18989056,2447570,10002432,1260772011,4578100467
2026-09-23T15:15:41Z,1b1c2bc50,strings,bit,0.05,82395136,279540,37,211400986,1689238201
2026-09-23T15:15:41Z,1b1c2bc50,strings,c,0.02,32522240,33640,11,109077169,643350676
2026-09-23T15:15:41Z,1b1c2bc50,strings,go,0.06,88408064,2446738,340,354910516,1679151382
2026-09-23T15:15:41Z,1b1c2bc50,map,bit,0.07,38486016,317088,14,297282341,748508667
2026-09-23T15:15:41Z,1b1c2bc50,map,c,0.04,203227136,33544,1,174947046,229362854
2026-09-23T15:15:41Z,1b1c2bc50,map,go,0.08,43909120,2447122,4380,375428393,693587419
2026-09-23T15:15:41Z,1b1c2bc50,strmap,bit,0.29,41222144,319075,400041,1266412283,6207179435
2026-09-23T15:15:41Z,1b1c2bc50,strmap,c,0.05,43155456,33544,400003,248744179,534212398
2026-09-23T15:15:41Z,1b1c2bc50,strmap,go,0.15,32636928,2447122,400804,676879054,2206805607
2026-09-23T15:15:41Z,1b1c2bc50,sort,bit,0.06,27099136,297313,600022,293687759,1795698226
2026-09-23T15:15:41Z,1b1c2bc50,sort,c,0.06,11943936,33656,150002,278420842,503657015
2026-09-23T15:15:41Z,1b1c2bc50,sort,go,0.08,15958016,2465202,150286,357875520,943019354
2026-09-23T15:15:41Z,1b1c2bc50,matrix,bit,0.32,8962048,278067,16,1379552525,12279437849
2026-09-23T15:15:41Z,1b1c2bc50,matrix,c,0.09,8192000,33560,3,398668996,1656130721
2026-09-23T15:15:41Z,1b1c2bc50,matrix,go,0.22,11894784,2430226,285,951888913,7323637216
2026-09-23T15:15:41Z,1b1c2bc50,json,bit,0.21,135069696,389889,3750066,888150226,5921168184
2026-09-23T15:15:41Z,1b1c2bc50,json,c,0.05,131629056,34056,2250021,226505408,1339765170
2026-09-23T15:15:41Z,1b1c2bc50,json,go,0.07,59621376,3767122,1049994,338168621,2135777226
2026-09-23T21:35:29Z,5b65f1755,fib,bit,0.23,2310144,277904,6,1005996354,5962284546
2026-09-23T21:35:29Z,5b65f1755,fib,c,0.14,1867776,33448,0,635278748,3146538259
2026-09-23T21:35:29Z,5b65f1755,fib,go,0.22,4800512,2430258,196,946854237,5136791874
2026-09-23T21:35:29Z,5b65f1755,mandelbrot,bit,0.47,2310144,277975,6,2133192507,4788361391
2026-09-23T21:35:29Z,5b65f1755,mandelbrot,c,0.36,1884160,33440,0,1605060119,2698642808
2026-09-23T21:35:29Z,5b65f1755,mandelbrot,go,0.36,4816896,2430274,196,1637676300,2506168479
2026-09-23T21:35:29Z,5b65f1755,collatz,bit,0.20,2424832,277988,6,921259556,2578871916
2026-09-23T21:35:29Z,5b65f1755,collatz,c,0.09,1884160,33432,0,411139294,930500180
2026-09-23T21:35:29Z,5b65f1755,collatz,go,0.13,4816896,2430226,196,626255908,935391868
2026-09-23T21:35:29Z,5b65f1755,alloc,bit,0.22,6799360,278402,10006006,990767882,7612129112
2026-09-23T21:35:29Z,5b65f1755,alloc,c,0.10,2129920,33512,10004000,470712808,3606814912
2026-09-23T21:35:29Z,5b65f1755,alloc,go,0.07,11272192,2446850,10002303,389548991,2159296722
2026-09-23T21:35:29Z,5b65f1755,allocflat,bit,0.06,6406144,278342,4006,255153592,1604801034
2026-09-23T21:35:29Z,5b65f1755,allocflat,c,0.00,1998848,33512,2000,17930063,59286136
2026-09-23T21:35:29Z,5b65f1755,allocflat,go,0.02,12632064,2430290,2301,115509770,404763636
2026-09-23T21:35:29Z,5b65f1755,allocpar,bit,0.67,12910592,298261,10006053,15318177274,13709724013
2026-09-23T21:35:29Z,5b65f1755,allocpar,c,0.06,3932160,33784,10004000,2140287170,3620946356
2026-09-23T21:35:29Z,5b65f1755,allocpar,go,0.06,19333120,2447570,10002412,1259755745,4585314060
2026-09-23T21:35:29Z,5b65f1755,strings,bit,0.05,82395136,279892,37,211481344,1689482131
2026-09-23T21:35:29Z,5b65f1755,strings,c,0.02,32538624,33640,11,109451970,643375932
2026-09-23T21:35:29Z,5b65f1755,strings,go,0.05,72597504,2446738,341,380539220,1734511778
2026-09-23T21:35:29Z,5b65f1755,map,bit,0.06,38453248,317440,14,297120098,748530151
2026-09-23T21:35:29Z,5b65f1755,map,c,0.04,203227136,33544,1,179315085,229605390
2026-09-23T21:35:29Z,5b65f1755,map,go,0.08,43909120,2447122,4379,373222710,693371971
2026-09-23T21:35:29Z,5b65f1755,strmap,bit,0.29,41222144,335939,400041,1268687780,6215574582
2026-09-23T21:35:29Z,5b65f1755,strmap,c,0.05,43155456,33544,400003,249631917,534216863
2026-09-23T21:35:29Z,5b65f1755,strmap,go,0.15,32653312,2447122,400798,677903428,2212923300
2026-09-23T21:35:29Z,5b65f1755,sort,bit,0.07,27099136,297697,600022,298388520,1795720450
2026-09-23T21:35:29Z,5b65f1755,sort,c,0.06,11943936,33656,150002,276205422,503624205
2026-09-23T21:35:29Z,5b65f1755,sort,go,0.08,15908864,2465202,150286,356178281,942915332
2026-09-23T21:35:29Z,5b65f1755,matrix,bit,0.31,8962048,278419,16,1381390402,12279663308
2026-09-23T21:35:29Z,5b65f1755,matrix,c,0.09,8192000,33560,3,398632091,1656211239
2026-09-23T21:35:29Z,5b65f1755,matrix,go,0.22,11911168,2430226,285,951749570,7323835781
2026-09-23T21:35:29Z,5b65f1755,json,bit,0.20,135086080,390257,3750066,888192309,5920774030
2026-09-23T21:35:29Z,5b65f1755,json,c,0.05,131629056,34056,2250021,225706757,1339996674
2026-09-23T21:35:29Z,5b65f1755,json,go,0.07,59293696,3767122,1049993,338821479,2137545371
2026-09-24T03:45:06Z,38f393622,fib,bit,0.23,2310144,277904,6,1014355167,5962347336
2026-09-24T03:45:06Z,38f393622,fib,c,0.14,1867776,33448,0,633418934,3146576166
2026-09-24T03:45:06Z,38f393622,fib,go,0.22,4849664,2430258,196,948360657,5136902018
2026-09-24T03:45:06Z,38f393622,mandelbrot,bit,0.48,2310144,277975,6,2133066353,4788353826
2026-09-24T03:45:06Z,38f393622,mandelbrot,c,0.35,1884160,33440,0,1605189341,2698608354
2026-09-24T03:45:06Z,38f393622,mandelbrot,go,0.36,4816896,2430274,196,1638295191,2506262961
2026-09-24T03:45:06Z,38f393622,collatz,bit,0.20,2441216,277988,6,919135507,2578883922
2026-09-24T03:45:06Z,38f393622,collatz,c,0.09,1884160,33432,0,411352701,930526399
2026-09-24T03:45:06Z,38f393622,collatz,go,0.13,4800512,2430226,196,626383178,935415619
2026-09-24T03:45:06Z,38f393622,alloc,bit,0.22,6799360,278402,10006006,974815144,7612187364
2026-09-24T03:45:06Z,38f393622,alloc,c,0.10,2129920,33512,10004000,461496539,3606837700
2026-09-24T03:45:06Z,38f393622,alloc,go,0.08,11370496,2446850,10002304,389483001,2161740407
2026-09-24T03:45:06Z,38f393622,allocflat,bit,0.05,6406144,278342,4006,253100088,1604853679
2026-09-24T03:45:06Z,38f393622,allocflat,c,0.00,1998848,33512,2000,17781231,59263989
2026-09-24T03:45:06Z,38f393622,allocflat,go,0.01,12091392,2430290,2305,114900623,403345881
2026-09-24T03:45:06Z,38f393622,allocpar,bit,0.66,12648448,298261,10006053,15078008570,13620312930
2026-09-24T03:45:06Z,38f393622,allocpar,c,0.06,3850240,33784,10004000,2136960081,3621745147
2026-09-24T03:45:06Z,38f393622,allocpar,go,0.06,19087360,2447570,10002418,1254340402,4599339491
2026-09-24T03:45:06Z,38f393622,strings,bit,0.05,82395136,279892,37,210923670,1689334273
2026-09-24T03:45:06Z,38f393622,strings,c,0.02,32538624,33640,11,109426263,643363592
2026-09-24T03:45:06Z,38f393622,strings,go,0.05,72564736,2446738,337,383070005,1740598424
2026-09-24T03:45:06Z,38f393622,map,bit,0.07,38453248,317440,14,305249915,748578435
2026-09-24T03:45:06Z,38f393622,map,c,0.04,203227136,33544,1,176978479,229330729
2026-09-24T03:45:06Z,38f393622,map,go,0.08,43876352,2447122,4380,378610798,693260057
2026-09-24T03:45:06Z,38f393622,strmap,bit,0.29,41222144,335939,400041,1267899596,6209038378
2026-09-24T03:45:06Z,38f393622,strmap,c,0.06,43155456,33544,400003,251690893,534256416
2026-09-24T03:45:06Z,38f393622,strmap,go,0.15,32718848,2447122,400805,677909479,2218527109
2026-09-24T03:45:06Z,38f393622,sort,bit,0.06,27099136,297697,600022,294471990,1795674526
2026-09-24T03:45:06Z,38f393622,sort,c,0.06,11943936,33656,150002,278977405,503647909
2026-09-24T03:45:06Z,38f393622,sort,go,0.08,15925248,2465202,150286,357612644,942969207
2026-09-24T03:45:06Z,38f393622,matrix,bit,0.31,8962048,278419,16,1381297838,12279609322
2026-09-24T03:45:06Z,38f393622,matrix,c,0.09,8192000,33560,3,398308316,1656196736
2026-09-24T03:45:06Z,38f393622,matrix,go,0.22,11862016,2430226,279,951972939,7323748352
2026-09-24T03:45:06Z,38f393622,json,bit,0.20,135086080,390257,3750066,885420213,5921492296
2026-09-24T03:45:06Z,38f393622,json,c,0.05,131629056,34056,2250021,227481850,1339854597
2026-09-24T03:45:06Z,38f393622,json,go,0.07,58425344,3767122,1050000,338339594,2132225336
2026-09-24T11:38:33Z,b8de2e1a8,fib,bit,0.23,2310144,278576,6,1005369166,5962483403
2026-09-24T11:38:33Z,b8de2e1a8,fib,c,0.14,1867776,33448,0,635986881,3146645820
2026-09-24T11:38:33Z,b8de2e1a8,fib,go,0.21,4833280,2430258,202,938393638,5136992979
2026-09-24T11:38:33Z,b8de2e1a8,mandelbrot,bit,0.47,2310144,278647,6,2133622775,4788337781
2026-09-24T11:38:33Z,b8de2e1a8,mandelbrot,c,0.35,1884160,33440,0,1605227181,2698723110
2026-09-24T11:38:33Z,b8de2e1a8,mandelbrot,go,0.36,4833280,2430274,196,1638008541,2506197092
2026-09-24T11:38:33Z,b8de2e1a8,collatz,bit,0.20,2441216,278660,6,920946789,2578818417
2026-09-24T11:38:33Z,b8de2e1a8,collatz,c,0.09,1884160,33432,0,411221308,930532485
2026-09-24T11:38:33Z,b8de2e1a8,collatz,go,0.13,4833280,2430226,196,626285589,935479478
2026-09-24T11:38:33Z,b8de2e1a8,alloc,bit,0.23,6815744,279074,10006006,993477309,7632509672
2026-09-24T11:38:33Z,b8de2e1a8,alloc,c,0.10,2129920,33512,10004000,464297738,3606815004
2026-09-24T11:38:33Z,b8de2e1a8,alloc,go,0.07,11321344,2446850,10002301,388499892,2160986897
2026-09-24T11:38:33Z,b8de2e1a8,allocflat,bit,0.05,6422528,278998,4006,252938357,1604817985
2026-09-24T11:38:33Z,b8de2e1a8,allocflat,c,0.00,1998848,33512,2000,17928606,59289837
2026-09-24T11:38:33Z,b8de2e1a8,allocflat,go,0.01,12009472,2430290,2312,114684916,404330215
2026-09-24T11:38:33Z,b8de2e1a8,allocpar,bit,0.23,14057472,298917,10005960,1755515552,12150951983
2026-09-24T11:38:33Z,b8de2e1a8,allocpar,c,0.06,4079616,33784,10004000,2112174596,3620886398
2026-09-24T11:38:33Z,b8de2e1a8,allocpar,go,0.06,19218432,2447570,10002424,1263175514,4585451414
2026-09-24T11:38:33Z,b8de2e1a8,strings,bit,0.05,82395136,280564,37,211537421,1689391751
2026-09-24T11:38:33Z,b8de2e1a8,strings,c,0.02,32522240,33640,11,109193461,643353824
2026-09-24T11:38:33Z,b8de2e1a8,strings,go,0.05,72728576,2446738,340,382627028,1739738696
2026-09-24T11:38:33Z,b8de2e1a8,map,bit,0.06,38453248,318416,14,300470463,760114524
2026-09-24T11:38:33Z,b8de2e1a8,map,c,0.04,203227136,33544,1,177201962,229193029
2026-09-24T11:38:33Z,b8de2e1a8,map,go,0.08,43925504,2447122,4373,373778989,693372481
2026-09-24T11:38:33Z,b8de2e1a8,strmap,bit,0.29,41238528,336883,400041,1276396501,6348281909
2026-09-24T11:38:33Z,b8de2e1a8,strmap,c,0.05,43155456,33544,400003,250338560,534217719
2026-09-24T11:38:33Z,b8de2e1a8,strmap,go,0.15,32702464,2447122,400804,677994376,2225038367
2026-09-24T11:38:33Z,b8de2e1a8,sort,bit,0.06,27115520,298369,600022,294729416,1791249904
2026-09-24T11:38:33Z,b8de2e1a8,sort,c,0.06,11943936,33656,150002,279412962,503675624
2026-09-24T11:38:33Z,b8de2e1a8,sort,go,0.08,15925248,2465202,150286,357170477,943043256
2026-09-24T11:38:33Z,b8de2e1a8,matrix,bit,0.31,8929280,279091,16,1381140879,12279628166
2026-09-24T11:38:33Z,b8de2e1a8,matrix,c,0.09,8192000,33560,3,398359131,1656190921
2026-09-24T11:38:33Z,b8de2e1a8,matrix,go,0.21,11927552,2430226,279,950945929,7323801721
2026-09-24T11:38:33Z,b8de2e1a8,json,bit,0.20,135086080,390929,3750066,890904530,5906489055
2026-09-24T11:38:33Z,b8de2e1a8,json,c,0.05,131612672,34056,2250021,227735111,1339775233
2026-09-24T11:38:33Z,b8de2e1a8,json,go,0.07,57769984,3767122,1049989,337565805,2127434340
2026-09-25T19:22:56Z,f038626bf,fib,bit,0.235400,2392064,337312,6,1002819947,5962435557
2026-09-25T19:22:56Z,f038626bf,fib,c,0.145000,1867776,33448,0,640166743,3146604177
2026-09-25T19:22:56Z,f038626bf,fib,go,0.220300,4800512,2430258,195,949928388,5136872020
2026-09-25T19:22:56Z,f038626bf,mandelbrot,bit,0.482200,2392064,337383,6,2132756255,4788408963
2026-09-25T19:22:56Z,f038626bf,mandelbrot,c,0.361000,1884160,33440,0,1605078547,2698669408
2026-09-25T19:22:56Z,f038626bf,mandelbrot,go,0.367500,4833280,2430274,195,1638080046,2506259646
2026-09-25T19:22:56Z,f038626bf,collatz,bit,0.211000,2523136,337396,6,920831314,2578958842
2026-09-25T19:22:56Z,f038626bf,collatz,c,0.094500,1884160,33432,0,411329506,930507320
2026-09-25T19:22:56Z,f038626bf,collatz,go,0.148000,4816896,2430226,195,626197601,935471516
2026-09-25T19:22:56Z,f038626bf,alloc,bit,0.185300,6897664,337810,10006006,796604873,5899055374
2026-09-25T19:22:56Z,f038626bf,alloc,c,0.119800,2129920,33512,10004000,457392070,3606795025
2026-09-25T19:22:56Z,f038626bf,alloc,go,0.081300,11223040,2446850,10002309,389342802,2155446791
2026-09-25T19:22:56Z,f038626bf,allocflat,bit,0.059800,6504448,337734,4006,250539762,1596326809
2026-09-25T19:22:56Z,f038626bf,allocflat,c,0.006200,1998848,33512,2000,17736076,59257430
2026-09-25T19:22:56Z,f038626bf,allocflat,go,0.019900,12337152,2430290,2304,112708041,401852312
2026-09-25T19:22:56Z,f038626bf,allocpar,bit,0.065400,15089664,357685,10006053,1574987047,8589362717
2026-09-25T19:22:56Z,f038626bf,allocpar,c,0.068500,3866624,33784,10004000,2134450729,3620671164
2026-09-25T19:22:56Z,f038626bf,allocpar,go,0.060400,18743296,2447570,10002417,1251140469,4579619264
2026-09-25T19:22:56Z,f038626bf,strings,bit,0.052100,82526208,339316,37,211489804,1689028703
2026-09-25T19:22:56Z,f038626bf,strings,c,0.027800,32538624,33640,11,109183761,643347377
2026-09-25T19:22:56Z,f038626bf,strings,go,0.060200,72728576,2446738,340,369499247,1706540789
2026-09-25T19:22:56Z,f038626bf,map,bit,0.072300,38584320,377136,14,304833099,751462647
2026-09-25T19:22:56Z,f038626bf,map,c,0.044000,203227136,33544,1,173783951,229212105
2026-09-25T19:22:56Z,f038626bf,map,go,0.084800,43876352,2447122,4380,368763325,693120049
2026-09-25T19:22:56Z,f038626bf,strmap,bit,0.300400,41336832,379091,400041,1280455225,6299876546
2026-09-25T19:22:56Z,f038626bf,strmap,c,0.061100,43155456,33544,400003,254057644,534227756
2026-09-25T19:22:56Z,f038626bf,strmap,go,0.157700,32555008,2447122,400799,676215674,2199170069
2026-09-25T19:22:56Z,f038626bf,sort,bit,0.067500,27197440,357105,600022,282462542,1717394851
2026-09-25T19:22:56Z,f038626bf,sort,c,0.064500,11943936,33656,150002,277768789,503647525
2026-09-25T19:22:56Z,f038626bf,sort,go,0.084600,15925248,2465202,150286,357613606,943072548
2026-09-25T19:22:56Z,f038626bf,matrix,bit,0.322600,9076736,337811,16,1381044891,12279552032
2026-09-25T19:22:56Z,f038626bf,matrix,c,0.094600,8192000,33560,3,398182416,1656218761
2026-09-25T19:22:56Z,f038626bf,matrix,go,0.224000,11894784,2430226,279,951596297,7323750738
2026-09-25T19:22:56Z,f038626bf,json,bit,0.198300,135151616,433073,3750066,839908880,5577053395
2026-09-25T19:22:56Z,f038626bf,json,c,0.056800,131629056,34056,2250021,230498192,1339805427
2026-09-25T19:22:56Z,f038626bf,json,go,0.074600,58654720,3767122,1049990,339718408,2133077676
2026-09-26T18:57:49Z,819be35ba,fib,bit,0.235000,2424832,337792,6,1019832688,5962586116
2026-09-26T18:57:49Z,819be35ba,fib,c,0.148800,1867776,33448,0,635933493,3146628296
2026-09-26T18:57:49Z,819be35ba,fib,go,0.219400,4800512,2430258,195,940694715,5136886638
2026-09-26T18:57:49Z,819be35ba,mandelbrot,bit,0.493400,2441216,337863,6,2161147088,4792683060
2026-09-26T18:57:49Z,819be35ba,mandelbrot,c,0.370500,1884160,33440,0,1631228334,2702390668
2026-09-26T18:57:49Z,819be35ba,mandelbrot,go,0.376200,4833280,2430274,195,1659397912,2509753539
2026-09-26T18:57:49Z,819be35ba,collatz,bit,0.211900,2572288,337876,6,918191606,2579122027
2026-09-26T18:57:49Z,819be35ba,collatz,c,0.096300,1884160,33432,0,411678424,930649706
2026-09-26T18:57:49Z,819be35ba,collatz,go,0.146700,4816896,2430226,195,625037970,935520454
2026-09-26T18:57:49Z,819be35ba,alloc,bit,0.185800,6930432,338290,10006006,802239154,5899137304
2026-09-26T18:57:49Z,819be35ba,alloc,c,0.118500,2129920,33512,10004000,466930951,3606904900
2026-09-26T18:57:49Z,819be35ba,alloc,go,0.081500,11255808,2446850,10002296,387369600,2152259291
2026-09-26T18:57:49Z,819be35ba,allocflat,bit,0.060600,6537216,338214,4006,252353620,1596190311
2026-09-26T18:57:49Z,819be35ba,allocflat,c,0.006300,1998848,33512,2000,17966321,59257396
2026-09-26T18:57:49Z,819be35ba,allocflat,go,0.019600,11976704,2430290,2292,115997925,405280276
2026-09-26T18:57:49Z,819be35ba,allocpar,bit,0.077400,15171584,358165,10006053,2853142932,10066927119
2026-09-26T18:57:49Z,819be35ba,allocpar,c,0.069600,3850240,33784,10004000,2152452079,3621320454
2026-09-26T18:57:49Z,819be35ba,allocpar,go,0.060400,18464768,2447570,10002434,1257966525,4588441365
2026-09-26T18:57:49Z,819be35ba,strings,bit,0.052200,82509824,339812,37,211029156,1689137425
2026-09-26T18:57:49Z,819be35ba,strings,c,0.027400,32538624,33640,11,108971334,643404488
2026-09-26T18:57:49Z,819be35ba,strings,go,0.060300,88293376,2446738,341,362172691,1694279603
2026-09-26T18:57:49Z,819be35ba,map,bit,0.072200,38584320,377616,14,305665956,751526863
2026-09-26T18:57:49Z,819be35ba,map,c,0.044000,203227136,33544,1,174104229,229593962
2026-09-26T18:57:49Z,819be35ba,map,go,0.087400,43909120,2447122,4373,368437470,693101373
2026-09-26T18:57:49Z,819be35ba,strmap,bit,0.302200,41336832,379571,400041,1273584680,6302184209
2026-09-26T18:57:49Z,819be35ba,strmap,c,0.061100,43155456,33544,400003,253440295,534245320
2026-09-26T18:57:49Z,819be35ba,strmap,go,0.157700,32571392,2447122,400815,676622112,2224401939
2026-09-26T18:57:49Z,819be35ba,sort,bit,0.068000,27197440,357585,600022,282712376,1717343011
2026-09-26T18:57:49Z,819be35ba,sort,c,0.065500,11943936,33656,150002,279389960,503648173
2026-09-26T18:57:49Z,819be35ba,sort,go,0.085200,15925248,2465202,150285,357226416,943022583
2026-09-26T18:57:49Z,819be35ba,matrix,bit,0.323100,9076736,338291,16,1381107893,12279523558
2026-09-26T18:57:49Z,819be35ba,matrix,c,0.094600,8192000,33560,3,398203254,1656167854
2026-09-26T18:57:49Z,819be35ba,matrix,go,0.224000,11878400,2430226,284,952272795,7323734411
2026-09-26T18:57:49Z,819be35ba,json,bit,0.199300,135184384,433601,3750066,839965300,5578188316
2026-09-26T18:57:49Z,819be35ba,json,c,0.056100,131612672,34056,2250021,229149702,1339811220
2026-09-26T18:57:49Z,819be35ba,json,go,0.075700,59277312,3767122,1049994,338127982,2134546898
